,S50U13,S50Z13,S50H14,S50M14,S50U14,S50Z14,S50H15,S50M15,S50U15,S50Z15,S50H16,S50M16,S50U16,S50Z16,S50H17,S50M17,S50U17,S50Z17,S50H18,S50M18,S50U18,S50Z18,S50H19,S50M19,S50U19,S50Z19,S50H20,S50M20,S50U20,S50Z20,S50H21,S50M21,S50U21,S50Z21,S50H22,S50M22,S50U22,S50Z22,S50H23,S50M23,S50U23,S50Z23
0,0.0,0.0,0.0,0.0,0.0,0.0,0.0,0.0,0.0,14.508928571428571,9.626274065685164,0.0,0.0,0.0,0.0,0.0,0.0,0.0,0.0,0.0,0.0,0.0,0.0,0.0,0.0,0.0,0.0,0.0,0.0,0.0,0.0,0.0,0.0,0.0,0.0,0.0,0.0,0.0,0.0,0.0,0.0,0.0
1,0.0,0.0,0.0,0.0,0.0,14.513788098693757,0.0,0.0,0.0,13.429752066115704,9.42350332594235,0.0,0.0,10.85645355850422,10.857142857142858,0.0,0.0,0.0,0.0,0.0,0.0,0.0,0.0,0.0,0.0,18.66883116883117,14.827586206896552,0.0,0.0,0.0,0.0,0.0,0.0,0.0,0.0,0.0,0.0,0.0,0.0,0.0,0.0,13.392857142857142
2,0.0,0.0,6.7090395480225995,0.0,0.0,16.420361247947454,19.19561243144424,0.0,0.0,13.908701854493582,10.40391676866585,0.0,0.0,11.002444987775062,10.686164229471315,0.0,0.0,0.0,0.0,0.0,0.0,10.703363914373089,12.849162011173185,0.0,0.0,19.524617996604416,16.33738601823708,17.2,0.0,0.0,0.0,0.0,0.0,15.297906602254429,14.95398773006135,0.0,0.0,0.0,18.026565464895636,0.0,0.0,13.214285714285714
3,11.668611435239207,0.0,6.73281360737066,0.0,0.0,14.836795252225517,21.694214876033055,0.0,0.0,13.636363636363637,8.517034068136272,0.0,0.0,12.162162162162161,10.063559322033898,17.92452830188679,24.570024570024568,37.03703703703704,20.87378640776699,19.06779661016949,12.771739130434783,11.41304347826087,13.609467455621301,0.0,0.0,18.88341543513957,16.412213740458014,17.594108019639933,0.0,0.0,0.0,0.0,0.0,15.624999999999998,12.837837837837839,0.0,0.0,15.548281505728314,16.964285714285715,0.0,0.0,13.290229885057473
4,11.82237600922722,0.0,6.629448709002093,9.086188992731048,13.309352517985612,17.699115044247787,22.48394004282655,0.0,0.0,12.907608695652176,8.966244725738397,0.0,0.0,12.534818941504179,10.957324106113035,13.456090651558075,23.955773955773953,41.32231404958678,20.593869731800766,19.23076923076923,11.758691206543967,11.602209944751381,14.197530864197532,0.0,17.063492063492063,18.88341543513957,15.949554896142432,17.338709677419356,0.0,0.0,10.610079575596815,0.0,0.0,15.372168284789645,11.845386533665835,0.0,0.0,14.913657770800627,15.289256198347108,21.27659574468085,0.0,13.405797101449275
5,11.877172653534181,0.0,6.780870806566737,9.898190045248867,11.131167268351385,18.382352941176467,18.38879159369527,0.0,14.338235294117647,12.820512820512821,10.789149198520345,9.651307596513076,0.0,10.663507109004739,10.770975056689341,14.772727272727273,22.465437788018434,41.666666666666664,20.168855534709195,17.371601208459214,14.650872817955111,11.65943600867679,14.232673267326733,11.647727272727273,16.955835962145112,19.4585448392555,16.31259484066768,17.310789049919485,2.429624664879357,7.371524852569504,9.910485933503837,0.0,0.0,14.660493827160492,13.31967213114754,0.0,0.0,14.660493827160492,16.0472972972973,18.41620626151013,11.30952380952381,13.444767441860465
6,11.904761904761905,0.0,6.794425087108014,8.66738894907909,11.0381861575179,18.34862385321101,21.560574948665298,0.0,13.0173564753004,13.49431818181818,10.215664018161181,8.123689727463312,10.48951048951049,12.0,11.830635118306349,14.401772525849335,23.752969121140143,42.016806722689076,18.251273344651953,16.714082503556188,17.50380517503805,12.024608501118568,14.593908629441625,11.602209944751381,15.762463343108504,20.795660036166367,16.61392405063291,15.885022692889562,2.4231283422459895,7.582322357019064,10.104302477183833,0.0,11.271676300578035,15.079365079365079,15.258215962441314,13.968481375358166,14.285714285714286,14.913657770800627,14.752791068580542,18.248175182481752,13.504155124653742,13.493253373313342
7,11.560693641618498,0.0,6.818181818181818,8.66738894907909,11.53366583541147,18.148820326678766,20.41832669322709,9.420289855072463,14.40922190201729,14.890282131661444,10.101010101010102,8.047767393561784,11.11111111111111,11.920529801324504,11.216056670602127,15.905383360522023,23.696682464454973,41.84100418410042,18.59861591695502,17.53048780487805,10.954235637779941,11.314655172413792,14.744429882044559,10.881104033970276,17.916666666666668,21.946564885496183,16.51305683563748,16.875981161695446,2.5270128964796097,6.684491978609626,10.117493472584858,6.138022561380226,12.148337595907927,15.522875816993464,14.960629921259843,13.829787234042554,14.025245441795231,13.88888888888889,16.23931623931624,18.41620626151013,12.549537648612946,13.313609467455622
8,11.507479861910241,0.0,7.196969696969697,8.957654723127037,11.664564943253469,19.53125,18.602540834845733,9.779338014042127,14.025245441795231,12.751677852348994,9.72972972972973,8.581235697940503,9.449244060475163,11.077844311377245,9.716386554621849,15.0,24.154589371980677,43.10344827586207,20.515267175572518,16.81286549707602,12.092534174553103,11.475409836065573,13.686131386861316,12.424242424242424,19.366197183098592,20.795660036166367,16.31259484066768,17.29818780889621,2.561475409836066,7.685738684884714,11.008522727272727,6.428571428571429,12.5,15.031645569620252,15.378548895899053,14.749262536873157,13.605442176870747,13.868065967016495,16.351118760757316,18.148820326678766,14.50381679389313,13.425253991291726
9,10.97972972972973,0.0,7.211538461538463,8.53413654618474,11.694058154235146,19.26691729323308,19.67370441458733,9.979529170931423,14.88095238095238,15.306122448979592,10.169491525423728,9.270704573547588,11.393229166666664,14.208909370199693,9.94475138121547,14.772727272727273,24.154589371980677,43.66812227074236,20.71290944123314,18.488745980707396,12.721238938053096,12.160633484162895,14.454664914586072,12.237762237762237,17.594108019639933,20.94972067039106,16.69254658385093,17.68092105263158,2.662406815761448,7.487520798668885,10.572987721691677,7.335448057097541,13.087248322147651,13.120567375886525,15.55023923444976,14.705882352941176,13.869625520110958,14.751552795031055,16.848816029143897,18.38235294117647,13.286713286713287,13.444767441860465
10,11.066969353007947,7.090909090909091,7.227575982209045,8.808290155440414,11.874197689345314,18.045774647887324,17.14046822742475,10.284810126582279,14.83357452966715,14.011799410029498,10.12373453318335,7.428278688524591,9.159482758620689,10.793465577596265,9.152719665271967,17.955801104972377,24.63054187192118,41.32231404958678,19.68864468864469,18.72964169381107,11.057692307692308,11.86534216335541,14.6484375,11.26609442060086,18.47079037800687,21.657250470809792,16.74454828660436,17.39482200647249,2.5541795665634677,7.450331125827815,10.854816824966079,6.761565836298932,13.031550068587105,13.120567375886525,14.444444444444445,13.693820224719103,14.57725947521866,15.347334410339258,16.05902777777778,17.6678445229682,12.418300653594772,13.563049853372434
11,10.893854748603353,7.11159737417943,7.246376811594203,8.826583592938734,12.567934782608697,19.486692015209126,17.461669505962522,9.84251968503937,12.95336787564767,13.532763532763536,10.321100917431194,7.4110671936758905,9.507829977628635,11.051373954599763,9.716386554621849,16.810344827586206,25.188916876574307,42.5531914893617,20.754716981132077,18.076923076923077,11.867905056759545,12.38479262672811,13.345195729537368,11.61504424778761,18.0623973727422,20.210896309314588,17.768595041322314,17.857142857142858,2.6220911176663386,8.294930875576037,11.019283746556475,6.101583113456464,13.121546961325965,14.31888544891641,13.411279229711141,13.485477178423237,14.705882352941176,15.939597315436243,16.114982578397214,18.115942028985508,14.032496307237814,15.06514657980456
12,10.799136069114471,7.1324067300658385,7.2568940493468785,8.975712777191129,12.516914749661703,20.216962524654832,17.372881355932204,10.53740779768177,15.891472868217054,13.728323699421965,10.356731875719216,7.716049382716049,9.433962264150944,14.967637540453076,9.205426356589149,14.53055141579732,24.87562189054726,41.49377593360995,21.400778210116734,18.04915514592934,14.024390243902438,12.215909090909092,13.237063778580024,11.95899772209567,19.434628975265017,21.821631878557877,16.487730061349694,17.310789049919485,2.7229407760381217,8.12274368231047,12.121212121212121,6.196999347684279,12.99589603283174,13.64306784660767,12.896825396825397,13.598326359832635,13.793103448275861,15.573770491803279,15.811965811965813,18.382352941176467,12.516469038208168,13.19543509272468
13,10.822510822510822,8.05119735755574,7.407407407407407,8.758758758758757,13.101983002832862,19.561068702290076,19.303201506591336,10.53740779768177,16.505636070853463,13.90922401171303,10.778443113772456,7.274490785645005,9.229098805646037,12.418300653594772,9.989200863930886,17.37967914438503,23.58490566037736,41.666666666666664,22.177419354838708,18.41692789968652,11.5,12.706855791962175,12.746234067207414,11.731843575418994,21.19460500963391,20.104895104895103,17.0906200317965,17.857142857142858,3.4475553698286667,7.635253054101222,12.5,6.696428571428572,13.21279554937413,13.602941176470589,14.595808383233534,14.53055141579732,14.064697609001408,15.598650927487352,15.966386554621849,18.281535648994513,13.399153737658674,13.950073421439061
14,11.001100110011,7.105459985041137,7.621951219512196,8.68917576961271,13.970588235294118,19.980506822612085,20.748987854251013,10.277492291880781,14.0990371389271,17.304189435336976,11.278195488721803,7.156048014773776,9.909399773499434,13.085399449035814,7.701915070774355,17.256637168141594,23.214285714285715,38.759689922480625,22.0,18.217054263565892,11.761761761761761,11.621621621621621,12.34567901234568,13.375796178343949,19.23076923076923,20.380434782608695,17.62295081967213,18.376068376068375,2.956989247311828,8.61220472440945,12.121212121212121,6.678082191780822,12.567934782608697,14.208909370199693,14.862804878048781,13.485477178423237,14.61988304093567,14.566929133858268,18.304431599229286,18.21493624772313,13.43705799151344,14.157973174366619
15,11.037527593818986,7.270693512304251,7.5357950263752835,8.551307847082494,14.011799410029496,21.39874739039666,16.181229773462785,10.741138560687434,14.642857142857142,13.951734539969834,11.74934725848564,7.2565543071161045,10.057471264367816,12.5,8.826335877862595,15.0,23.269689737470163,39.8406374501992,22.08835341365462,18.8,12.002042900919305,12.038073908174692,12.716763005780347,12.352941176470589,20.036429872495443,21.41527001862197,16.823161189358373,18.47079037800687,3.0353200883002214,7.346767422334174,12.071651090342678,6.5392354124748495,12.78600269179004,14.252696456086285,15.6,14.508928571428571,14.192139737991269,15.055467511885896,17.527675276752767,18.867924528301888,13.78809869375907,14.328808446455506
16,10.869565217391305,7.191521574564723,7.564296520423602,9.143155694879832,14.11589895988113,19.749518304431597,16.69449081803005,10.940919037199125,12.290167865707433,17.585551330798477,11.11111111111111,7.035647279549719,9.868421052631579,15.15151515151515,9.81404958677686,16.725352112676056,24.390243902439025,39.8406374501992,22.633744855967077,18.4748427672956,13.057671381936887,12.843488649940264,12.941176470588236,12.82051282051282,20.793950850661627,22.115384615384617,18.097643097643097,18.12816188870152,3.1548757170172084,7.668711656441718,11.689291101055804,6.766134628730049,13.194444444444445,14.8,13.810198300283288,13.988522238163558,13.928571428571429,14.659270998415213,17.025089605734767,18.65671641791045,14.660493827160492,13.503649635036496
17,11.129207383279045,7.398753894080997,7.836391437308868,8.57843137254902,14.20029895366218,18.43525179856115,19.047619047619047,11.123470522803114,13.107416879795398,14.165390505359879,12.711864406779661,8.51305334846765,10.250569476082005,15.32258064516129,9.865005192107995,14.817629179331307,22.887323943661972,39.37007874015748,23.318872017353577,19.262295081967213,13.631090487238978,12.983091787439614,13.126491646778044,12.962962962962964,21.032504780114724,20.87114337568058,17.090620031796504,17.94871794871795,3.193612774451098,9.541984732824428,11.5919629057187,6.8613652357494725,12.872628726287264,14.07914764079148,13.732394366197184,13.98852223816356,14.028776978417266,14.682539682539682,16.843971631205672,17.953321364452425,14.393939393939394,14.136904761904761
18,11.177753544165757,7.306477093206951,7.689274447949527,8.758758758758757,14.242878560719639,18.141592920353983,19.49317738791423,11.792452830188678,14.196675900277011,14.05775075987842,12.875536480686694,6.8493150684931505,10.514018691588786,13.929618768328446,10.193133047210301,22.362385321100916,23.897058823529413,38.91050583657588,21.32936507936508,17.857142857142854,12.566844919786096,11.879049676025918,13.496932515337424,15.283842794759824,22.77432712215321,20.353982300884955,18.313458262350935,18.166089965397926,3.181642884689549,7.668711656441718,11.485451761102604,6.844380403458213,12.78600269179004,13.909774436090226,15.957446808510637,12.828947368421053,14.388489208633093,15.859766277128548,17.3992673992674,18.41620626151013,13.951734539969832,14.50381679389313
19,11.18995633187773,6.99426111908178,7.867820613690007,8.992805755395684,14.50381679389313,18.876611418047883,18.416206261510126,10.81081081081081,14.002732240437158,14.331210191082803,13.37295690936107,6.996268656716419,10.318396226415093,14.264264264264266,9.767687434002111,18.190298507462686,24.213075060532688,39.0625,20.29520295202952,18.18885448916409,11.691542288557214,12.895662368112545,11.036960985626283,13.108614232209739,23.255813953488374,20.57245080500894,16.613924050632914,17.736486486486484,3.274268104776579,10.080645161290322,11.538461538461538,7.375776397515527,13.10344827586207,14.252696456086285,14.617691154422788,12.745098039215685,16.00985221674877,15.2,18.536121673003805,18.45018450184502,13.868065967016495,14.053254437869823
20,10.986066452304394,7.060101375814626,7.94912559618442,9.048603929679421,14.615384615384615,18.636363636363637,18.975332068311193,11.185682326621924,14.539007092198581,12.195121951219512,11.95219123505976,7.274490785645005,10.802469135802468,12.803234501347712,10.153677277716795,17.37967914438503,25.445292620865143,39.52569169960474,21.317829457364343,20.442930153321974,14.94910941475827,13.079667063020215,11.059670781893004,11.837655016910935,24.22907488986784,21.41527001862197,16.929133858267715,17.97945205479452,3.357753357753358,8.858267716535433,11.312217194570136,7.268553940321347,13.764880952380953,14.729299363057326,14.617691154422792,15.827922077922079,15.802269043760129,15.522875816993464,18.22429906542056,18.69158878504673,14.252696456086285,14.136904761904761
21,10.927505330490405,7.1376281112737905,7.980845969672784,8.83838383838384,15.676567656765679,18.501805054151625,20.137524557956777,12.254901960784315,15.029325513196481,15.975820379965459,12.482168330955778,8.387445887445887,11.207970112079702,12.666666666666666,9.850905218317358,18.69158878504673,27.100271002710027,40.65040650406504,20.146520146520146,18.8,15.399737876802098,12.91618828932262,11.56387665198238,11.672095548317047,24.390243902439025,22.145669291338585,16.69316375198728,17.284991568296796,3.469301934398654,9.594298245614036,11.078286558345642,7.636655948553055,13.347763347763347,13.493253373313342,14.150943396226413,16.142384105960264,15.751211631663974,15.625,18.932038834951456,19.37984496124031,14.143730886850152,14.393939393939394
22,11.326860841423947,7.179675994108983,7.998359310910582,9.01803607214429,16.493055555555554,18.738574040219376,20.337301587301585,11.276127612761275,14.513788098693757,16.114982578397214,10.479041916167665,7.423371647509578,11.27577319587629,14.264264264264266,10.346756152125279,16.474464579901152,25.51020408163265,41.15226337448559,20.18348623853211,18.951612903225808,13.678696158323632,13.55421686746988,12.920673076923078,12.558411214953273,23.404255319148938,22.5,17.976588628762542,15.197568389057748,3.648068669527897,8.162313432835822,10.578279266572636,7.969798657718121,13.972809667673715,15.494137353433835,14.46587537091988,13.175675675675675,15.258215962441314,15.39708265802269,18.156424581005584,19.305019305019307,14.23076923076923,15.210608424336975
23,11.314655172413794,7.17439293598234,8.14995925020375,8.919469928644242,17.958412098298677,18.01801801801802,18.045774647887324,9.148936170212766,14.662756598240472,13.993948562783663,12.228260869565219,7.711442786069652,11.46788990825688,14.157973174366619,10.369955156950672,15.6,25.51020408163265,41.84100418410042,19.748653500897664,18.633540372670804,13.202247191011235,13.58695652173913,12.797619047619047,12.427745664739884,24.663677130044846,21.71814671814672,17.916666666666668,16.141732283464567,3.739800543970988,9.700665188470067,11.450381679389313,7.734113712374582,13.157894736842104,13.595166163141993,16.414141414141415,16.16915422885572,15.802269043760129,15.548281505728314,18.156424581005584,19.569471624266143,14.122137404580153,14.774494556765164
24,11.55115511551155,7.390983000739098,8.07787903893952,8.799171842650104,18.199233716475096,19.011406844106464,18.435251798561154,9.990485252140818,15.174506828528072,14.31888544891641,11.180124223602485,7.796780684104627,10.080645161290322,16.23931623931624,10.632183908045977,16.359060402684563,26.385224274406333,42.73504273504274,21.153846153846153,19.51827242524917,13.823529411764707,13.188745603751464,13.002364066193854,12.889688249400479,25.0,23.3402489626556,17.3841059602649,16.532258064516128,3.9461467038068707,8.325404376784016,11.450381679389313,7.994814174589456,13.286713286713287,13.698630136986301,15.046296296296298,13.6938202247191,17.135325131810195,15.728476821192054,18.32706766917293,19.41747572815534,13.930722891566264,14.984227129337539
25,11.758118701007838,7.230657989877078,8.018092105263158,8.919202518363065,18.199233716475096,16.77577741407529,16.93548387096774,10.233918128654972,14.598540145985401,13.214285714285714,12.658227848101268,8.056394763343404,12.28932584269663,14.20029895366218,10.718424101969873,15.879478827361563,29.41176470588235,43.66812227074236,21.07843137254902,20.189003436426116,16.882183908045977,13.408820023837901,12.021857923497267,14.390896921017402,25.761124121779858,21.653543307086615,17.11783439490446,13.717421124828531,3.9906103286384975,9.63718820861678,10.869565217391305,8.659981768459435,13.249651324965132,15.089722675367048,15.234375,13.448275862068966,15.931372549019606,16.608391608391607,18.22429906542056,20.2020202020202,13.563049853372434,15.447154471544716
26,11.659436008676789,7.233592095977418,8.643617021276595,9.052183173588924,17.65267175572519,17.1118530884808,18.04123711340206,10.406342913776015,14.53055141579732,12.688614540466391,10.625737898465172,7.928642220019821,9.988584474885846,13.104838709677418,10.998810939357908,19.23076923076923,26.52519893899204,45.04504504504504,21.161417322834648,19.421487603305785,17.69578313253012,14.11543287327478,11.840688912809473,12.661955241460541,24.4988864142539,20.754716981132077,17.26844583987441,15.723270440251572,4.237288135593221,8.349705304518665,11.013215859030838,8.193091231178034,13.367052023121387,15.598650927487354,15.13975155279503,13.732394366197184,16.386554621848738,15.676567656765679,18.43100189035917,19.880715705765407,14.30722891566265,15.347334410339258
27,11.672095548317047,7.2695035460992905,8.078231292517007,8.956796628029505,19.8744769874477,16.97792869269949,18.134715025906736,11.182108626198083,14.534883720930234,14.492753623188408,11.11111111111111,8.307372793354102,10.080645161290322,13.6938202247191,10.668973471741637,15.725806451612904,27.027027027027028,45.662100456621005,19.81981981981982,20.25862068965517,12.749445676274943,13.521634615384617,13.06413301662708,19.196428571428573,25.40415704387991,19.96370235934664,16.823161189358373,16.218354430379748,4.359740906826109,9.918319719953326,11.609907120743035,8.1008100810081,11.5625,13.953488372093023,17.63110307414105,17.63110307414105,14.774494556765164,15.548281505728315,20.242914979757085,20.0,14.20029895366218,15.15151515151515
28,11.735807860262009,7.070340826686004,7.870753935376968,9.338313767342582,17.518939393939394,19.864341085271317,18.617021276595747,10.813594232749743,14.109985528219973,13.08139534883721,13.533834586466165,8.123689727463312,12.01923076923077,12.982689747003995,10.856807511737088,17.271157167530227,24.375,45.87155963302753,20.257826887661142,19.168026101141926,17.113095238095237,13.081395348837209,12.387387387387387,13.061968408262453,25.522041763341072,20.793950850661624,17.080745341614904,16.505636070853463,4.1954590325765055,8.771929824561402,12.077294685990339,8.093525179856115,13.66906474820144,14.492753623188406,20.656779661016948,17.535971223021583,14.285714285714286,17.59927797833935,18.822393822393824,21.73913043478261,14.30722891566265,15.273311897106108
29,11.774370208105148,7.097232079489,8.018092105263158,9.340659340659341,18.208661417322837,18.27094474153298,20.388349514563107,11.2059765208111,15.282131661442005,15.41095890410959,11.174968071519796,8.221993833504625,13.714733542319749,14.401772525849335,12.187088274044795,18.122676579925653,27.542372881355934,45.87155963302753,20.599250936329586,18.341307814992025,15.013054830287208,14.007308160779537,12.971698113207548,13.285024154589372,25.22935779816514,20.446096654275095,18.51851851851852,16.505636070853463,4.601226993865031,8.268482490272374,12.5,8.541089566020315,14.30722891566265,14.919354838709678,18.122676579925653,14.72809667673716,14.221556886227546,17.955801104972377,18.85880077369439,20.36659877800407,14.285714285714286,15.031645569620252
30,11.93118756936737,7.075471698113207,8.071192052980132,9.476031215161651,17.857142857142858,17.054908485856906,19.48051948051948,11.375947995666305,15.476190476190476,16.071428571428573,13.955342902711322,8.938547486033519,12.517882689556508,15.650080256821829,12.132822477650063,17.955801104972377,27.464788732394368,45.45454545454545,21.287128712871286,17.47720364741641,14.835858585858585,13.872135102533171,12.485811577752555,16.34472511144131,25.761124121779858,20.093457943925234,17.656500802568218,13.92663043478261,4.829545454545454,10.814249363867685,10.443864229765014,8.432087511394714,13.380281690140846,13.996889580093313,16.142384105960264,15.046296296296298,14.84375,17.955801104972377,20.080321285140563,20.61855670103093,14.372163388804843,15.702479338842975
31,12.065095398428733,7.000736919675756,7.989907485281749,9.562841530054644,18.244575936883628,16.091051805337518,18.010291595197256,11.11111111111111,16.062602965403624,12.949640287769784,11.46788990825688,9.029345372460497,11.363636363636363,13.655462184873949,11.768447837150129,18.258426966292134,27.158774373259053,44.44444444444444,20.99609375,17.719568567026194,15.666666666666666,14.258555133079847,12.087912087912088,14.048531289910601,25.175644028103044,19.16058394160584,16.516516516516518,16.34768740031898,4.924681344148319,9.659090909090908,9.228187919463087,8.989310009718173,13.399153737658674,14.331210191082803,15.575079872204473,18.796992481203006,13.970588235294118,18.67816091954023,18.932038834951456,20.833333333333332,14.31888544891641,15.079365079365079
32,12.051569506726459,7.073715562174236,8.071367884451996,9.668508287292818,16.313932980599645,16.666666666666668,18.292682926829265,11.710239651416122,15.873015873015873,14.08450704225352,15.13840830449827,8.501594048884167,13.503086419753084,14.109985528219973,11.363636363636365,18.29268292682927,26.63934426229508,42.918454935622314,22.72727272727273,21.139705882352942,17.616191904047977,14.744429882044562,12.731481481481481,14.56953642384106,25.6563245823389,18.220338983050848,18.158783783783782,17.0265780730897,5.065554231227652,10.143198090692122,7.491438356164384,8.620689655172413,12.416107382550335,14.446227929373997,15.427215189873417,16.366612111292962,15.573770491803279,18.571428571428573,19.155206286836933,20.833333333333336,14.498432601880879,15.06514657980456
33,12.399077277970012,7.939739413680781,8.399646330680813,9.486607142857144,16.843971631205672,17.343485617597292,20.0381679389313,11.244769874476988,16.611295681063122,12.644508670520231,10.269953051643192,8.547008547008547,12.430939226519335,14.976958525345623,10.869565217391305,17.226148409893995,27.387640449438205,43.859649122807014,22.442588726513566,17.215568862275447,15.862068965517242,14.725568942436414,13.221153846153845,14.84480431848853,25.175644028103044,16.719745222929937,17.88685524126456,17.372881355932204,5.279503105590062,9.486607142857144,7.8125,8.70178739416745,11.077844311377245,15.289256198347108,15.802269043760129,19.41747572815534,14.592933947772659,18.64244741873805,19.04296875,21.71492204899777,14.100609756097562,16.351118760757316
34,12.427745664739884,7.137490608564989,8.558558558558559,9.809417040358744,17.3992673992674,18.014059753954303,20.27027027027027,12.195121951219512,15.94896331738437,11.969904240766075,16.05504587155963,10.282776349614396,13.544891640866874,15.55023923444976,12.064343163538874,17.135325131810195,26.71232876712329,42.73504273504274,22.028688524590166,17.011834319526628,15.191545574636724,14.965986394557824,13.836477987421384,16.90251572327044,23.88888888888889,17.976588628762542,18.82661996497373,17.402376910016976,5.473277527366387,11.217948717948717,6.533435818601077,9.387351778656127,11.144578313253012,15.264026402640264,16.25,15.672782874617736,15.65008025682183,18.156424581005584,19.938650306748468,21.714922048997774,14.40809968847352,15.520134228187919
35,12.571428571428571,7.202426080363912,8.697591436217664,9.604829857299672,16.666666666666668,18.388791593695274,21.0,12.635379061371841,16.31321370309951,13.138138138138139,15.93806921675774,8.106694560669457,13.544891640866874,15.500794912559616,11.207970112079702,17.56756756756757,27.464788732394368,43.290043290043286,22.395833333333332,16.197183098591548,15.272244355909695,15.23545706371191,14.625850340136054,15.467625899280575,23.019271948608136,16.9826224328594,18.47079037800687,16.85855263157895,5.697050938337802,8.577194752774975,7.602085143353606,9.4715852442672,12.305699481865286,15.975820379965459,16.25,15.990639625585025,14.592933947772659,17.857142857142858,19.383697813121273,22.569444444444443,13.46433770014556,15.728476821192054
36,12.614678899082568,7.352941176470589,8.71313672922252,9.711431742508324,16.90391459074733,19.09090909090909,21.384928716904277,12.82051282051282,17.271157167530227,13.420245398773005,14.022435897435898,9.835025380710661,12.626262626262626,15.67524115755627,11.74934725848564,17.410714285714285,26.78571428571429,43.66812227074236,21.956087824351297,18.821603927986907,14.911167512690357,14.258555133079847,14.586160108548167,18.53448275862069,23.369565217391305,17.0364500792393,18.56649395509499,17.452006980802793,5.948215535339399,11.258278145695364,7.011217948717949,9.947643979057592,12.02860858257477,16.757246376811594,16.609880749574106,15.436746987951805,15.624999999999998,18.02218114602588,19.5,23.214285714285715,14.566929133858268,16.156462585034014
37,12.529137529137529,7.380772142316427,8.863636363636363,9.80392156862745,17.025089605734767,19.81132075471698,19.26605504587156,13.354037267080745,15.600624024961,9.54861111111111,15.765765765765765,10.430247718383313,14.805414551607445,14.401772525849335,13.574660633484163,18.536121673003805,26.35135135135135,44.44444444444444,20.37037037037037,21.616541353383457,16.52298850574713,14.705882352941176,14.625850340136054,16.129032258064516,24.71264367816092,17.565359477124183,18.12816188870152,15.873015873015873,6.04699378023497,10.429082240762812,8.012820512820513,10.04343105320304,11.920103092783506,16.636690647482016,16.75257731958763,13.736263736263737,15.802269043760129,18.67816091954023,18.96887159533074,23.4375,13.951734539969834,16.579406631762655
38,12.427745664739884,8.213984835720304,8.895985401459855,9.86842105263158,17.161410018552875,21.21212121212121,20.87475149105368,13.548387096774194,15.306122448979592,11.440107671601616,16.50943396226415,9.195402298850574,14.462809917355372,15.65008025682183,12.688614540466391,18.02218114602588,26.35135135135135,43.47826086956522,19.92753623188406,23.45309381237525,14.110429447852761,15.285326086956523,13.387297633872974,18.518518518518515,23.57456140350877,17.9465776293823,18.53448275862069,16.920473773265652,6.232193732193732,10.240963855421686,10.501750291715288,10.428100987925358,12.60217983651226,16.93404634581105,16.609880749574106,14.790764790764792,16.115702479338843,18.75,19.08023483365949,23.364485981308412,14.94345718901454,16.493055555555554
39,12.696493349455867,7.369614512471655,8.996212121212121,9.679203539823009,17.78846153846154,21.21212121212121,21.784232365145225,14.150943396226417,15.802269043760129,9.781357882623706,13.020833333333332,8.281573498964804,14.931740614334473,16.304347826086957,14.31888544891641,19.23076923076923,27.464788732394368,45.04504504504504,20.072992700729927,18.488745980707396,14.575411913814955,16.280752532561507,13.870967741935484,17.423014586709886,23.88888888888889,17.916666666666668,19.094138543516873,17.24137931034483,6.491097922848664,10.812581913499344,8.723828514456631,10.497237569060774,12.43279569892473,16.784452296819786,17.015706806282722,15.344311377245507,17.075306479859893,19.42231075697211,19.5,23.722627737226276,16.459074733096084,16.464471403812823
40,12.543757292882148,7.303370786516854,8.88568683957733,9.842519685039369,18.389662027833005,22.292993630573246,21.875,13.925729442970821,15.116279069767442,11.986301369863014,17.641129032258064,11.267605633802816,11.904761904761905,15.282131661442007,13.176638176638177,18.96887159533074,27.857142857142858,44.44444444444444,21.73913043478261,19.616026711185306,13.905683192261186,15.934844192634563,13.782051282051283,17.282958199356912,25.53444180522565,17.0364500792393,18.663194444444443,16.52173913043478,7.130872483221476,10.0,9.045226130653266,10.856807511737088,13.21279554937413,16.074450084602372,17.79197080291971,15.207715133531156,16.78141135972461,20.833333333333332,19.617706237424546,23.722627737226276,15.289256198347108,16.637478108581437
41,12.42603550295858,7.303370786516854,9.113300492610838,10.06904487917146,18.664047151277014,22.105263157894736,20.792079207920793,13.81578947368421,15.98360655737705,10.964912280701755,15.88785046728972,9.963768115942027,12.552301255230125,15.163297045101089,14.871382636655948,20.569620253164558,27.464788732394368,45.662100456621005,23.118279569892472,16.083916083916083,14.465408805031446,15.432098765432098,14.015645371577575,18.067226890756302,22.679324894514767,16.483516483516482,18.630849220103986,14.50381679389313,6.851996867658575,9.454949944382646,10.895170789163721,11.185006045949214,13.649425287356323,17.025089605734767,17.922794117647058,14.662756598240469,16.72384219554031,20.0,19.897959183673468,24.154589371980677,15.416666666666666,16.843971631205672
42,12.5,7.386363636363637,9.113300492610838,10.28202115158637,16.666666666666668,23.02631578947369,22.164948453608247,14.30517711171662,18.64244741873805,9.544008483563097,15.510948905109489,10.338345864661655,12.711864406779661,15.210608424336975,15.598650927487354,20.967741935483872,30.092592592592595,37.3134328358209,23.318872017353577,16.387726638772662,14.841688654353563,15.517241379310345,13.782051282051283,17.768595041322314,26.092233009708735,16.875981161695446,18.53448275862069,12.300531914893616,6.9944044764188655,9.169363538295578,10.011123470522802,9.840425531914894,13.590844062947067,17.317939609236234,13.532763532763532,15.06024096385542,17.271157167530227,18.932038834951456,19.77687626774848,22.362385321100916,15.416666666666666,17.889908256880734
43,12.623152709359605,7.907542579075425,9.296482412060302,10.306242638398114,16.379310344827587,22.105263157894736,22.970085470085472,14.830508474576268,17.690875232774673,7.8475336322869955,13.343799058084771,11.209239130434783,12.534818941504179,15.476190476190476,13.23319027181688,21.61862527716186,30.092592592592588,23.863636363636363,21.359223300970875,17.49271137026239,17.77251184834123,16.69085631349782,14.766483516483516,19.642857142857142,25.53444180522565,17.282958199356916,19.90740740740741,12.044270833333334,7.293354943273907,10.179640718562874,9.935553168635876,10.011123470522802,14.328808446455506,16.52542372881356,11.585365853658537,14.534883720930234,17.605633802816904,20.36659877800407,21.598272138228943,23.104265402843602,15.289256198347108,16.964285714285715
44,12.654320987654321,7.387247278382582,9.231536926147704,10.355029585798816,16.196013289036543,24.193548387096776,24.54337899543379,15.151515151515149,19.19191919191919,8.919469928644242,13.776337115072932,11.073825503355705,12.080536912751677,13.991163475699556,15.15151515151515,21.910112359550563,30.092592592592588,21.39874739039666,20.446096654275095,16.438356164383563,17.387944358578054,15.957446808510639,14.089121887287025,20.072992700729927,25.595238095238095,17.377567140600316,19.870609981515713,9.868421052631579,7.497857754927164,11.548913043478262,10.0,9.914255091103966,14.705882352941178,16.553480475382003,11.843790012804098,14.471780028943561,18.51851851851852,20.161290322580648,21.321961620469082,22.413793103448278,17.17557251908397,17.367458866544787
45,12.54589963280294,7.341269841269841,9.334006054490414,10.221962616822431,16.331658291457284,23.17880794701987,22.210743801652892,15.718562874251498,15.476190476190476,8.434864104967199,12.917933130699089,11.596180081855387,11.39240506329114,14.84375,13.748191027496382,22.621809744779586,31.655844155844154,26.973684210526315,20.71563088512241,17.142857142857142,14.68668407310705,16.18705035971223,13.782051282051283,19.50354609929078,25.41371158392435,16.263237518910742,20.192307692307693,9.067357512953368,7.6889279437609845,9.42350332594235,9.935553168635876,10.01082251082251,14.931087289433385,16.142384105960264,12.978142076502731,14.814814814814815,18.01801801801802,18.932038834951456,20.78891257995736,23.159144893111637,16.143106457242585,17.757009345794394
46,12.18026796589525,7.299270072992701,9.324596774193548,10.174418604651162,16.609880749574106,25.990099009900987,24.32126696832579,16.03053435114504,15.234375,8.495145631067961,14.629948364888124,9.593023255813954,12.203166226912927,14.937106918238994,15.52013422818792,25.25906735751295,31.9672131147541,33.123028391167196,21.825396825396826,16.45658263305322,14.593908629441625,16.44736842105263,13.333333333333334,20.599250936329586,25.641025641025642,18.220338983050848,20.114942528735632,10.806074766355142,8.144796380090497,10.119047619047619,9.523809523809524,10.718424101969873,15.575079872204473,16.420361247947454,13.268156424581006,14.57725947521866,17.410714285714285,18.571428571428573,21.860986547085204,23.66504854368932,16.03119584055459,18.51851851851852
47,11.919315403422983,7.465698143664246,9.506680369989724,10.550996483001173,16.810344827586206,24.764150943396228,20.833333333333336,16.483516483516482,15.575079872204473,8.928571428571429,17.970401691331926,9.736540664375717,12.203166226912927,12.81163434903047,15.859766277128546,25.590551181102363,33.85416666666667,33.762057877813504,20.18348623853211,16.761768901569187,15.091863517060366,16.44736842105263,13.992537313432836,20.560747663551403,25.522041763341072,18.0327868852459,20.309477756286267,11.23936816524909,7.731958762886598,11.956521739130435,11.158021712907116,10.755813953488373,15.402843601895736,15.772870662460567,13.425253991291726,14.306151645207438,18.465909090909093,18.932038834951456,22.621809744779583,22.89156626506024,16.03119584055459,19.076305220883537
48,11.848341232227487,8.704061895551257,10.314875135722042,10.526315789473685,16.52542372881356,25.0,23.626373626373628,16.192733017377567,14.242878560719639,9.152719665271967,14.945652173913043,11.620185922974766,12.091503267973856,12.706043956043954,15.472312703583063,25.128865979381445,33.50515463917526,33.439490445859875,20.257826887661142,17.53731343283582,14.877102199223804,17.05426356589147,14.553686934023286,20.24482109227872,25.94339622641509,16.97530864197531,20.87475149105368,11.448019801980198,8.064516129032258,12.005649717514125,10.335195530726256,11.212121212121213,15.675241157556272,16.025641025641026,14.82059282371295,15.891472868217054,18.39622641509434,18.500948766603415,22.7803738317757,23.514851485148515,16.8141592920354,19.19191919191919
49,11.862396204033214,7.64006791171477,10.20971302428256,10.53864168618267,16.666666666666668,24.137931034482758,23.420479302832245,17.054908485856906,16.22296173044925,9.433962264150942,12.614678899082568,10.491606714628297,12.362637362637363,11.723700887198985,14.592933947772659,26.494565217391305,35.714285714285715,35.83617747440273,21.27659574468085,16.33522727272727,16.993957703927492,17.857142857142858,14.102564102564102,20.87378640776699,27.638190954773872,17.377567140600316,20.6286836935167,11.673151750972764,8.987701040681173,11.627906976744187,10.755813953488373,11.242603550295858,15.827922077922079,15.354330708661417,14.890282131661444,16.141732283464567,18.75,19.005847953216374,22.941176470588236,23.69077306733167,16.143106457242585,19.348268839103874
50,10.497237569060774,7.58889852558543,10.451977401129943,10.625737898465172,17.105263157894736,25.05966587112172,23.385300668151448,15.162721893491126,17.24137931034483,12.228260869565219,12.030075187969924,10.491606714628297,13.412816691505217,11.264080100125156,15.248796147672552,27.083333333333332,39.0,37.36654804270462,22.22222222222222,15.542328042328043,16.617429837518465,17.241379310344826,14.511873350923484,19.90740740740741,27.918781725888326,18.333333333333332,20.54794520547945,8.711721224920803,7.983193277310924,10.826771653543307,10.857142857142858,11.44578313253012,15.725806451612904,16.611295681063122,15.127388535031848,15.64945226917058,18.571428571428573,18.71401151631478,23.49397590361446,23.49397590361446,16.17132867132867,20.607375271149674
51,11.242603550295858,7.6821773485513605,10.607798165137615,10.714285714285714,16.2771285475793,25.059665871121716,21.169354838709676,14.771048744460856,15.98360655737705,12.002743484224965,11.661807580174928,11.688311688311689,13.432835820895523,12.937062937062937,17.46323529411765,27.310924369747898,39.47368421052631,31.437125748502996,22.22222222222222,17.40740740740741,15.646731571627258,17.09726443768997,14.766483516483516,20.244821092278723,28.277634961439585,18.121911037891266,20.750988142292492,8.711721224920803,7.76006711409396,10.700389105058367,11.30952380952381,10.919540229885058,15.282131661442007,15.52547770700637,15.2,11.77536231884058,16.21160409556314,21.83406113537118,23.325358851674643,23.39901477832512,16.550522648083625,20.607375271149674
52,10.463800904977376,7.635253054101222,10.681293302540416,10.935601458080193,18.67816091954023,27.41514360313316,18.303571428571427,16.55896607431341,17.59927797833935,10.466507177033494,13.285024154589372,10.923845193508116,14.97504159733777,12.533875338753388,15.497553017944536,27.464788732394368,38.69047619047619,31.34328358208955,22.0,14.854614412136536,16.5929203539823,17.1875,15.027322404371585,19.9443413729128,27.989821882951656,18.00327332242226,20.99609375,5.7491289198606275,10.555555555555555,10.64516129032258,11.390887290167864,11.487303506650546,16.304347826086957,16.25,14.913657770800627,12.879788639365918,17.148014440433215,20.92050209205021,23.838630806845966,24.111675126903553,16.75485008818342,20.607375271149678
53,9.858442871587462,7.729681978798586,11.363636363636363,11.011904761904763,17.727272727272727,28.925619834710748,17.857142857142858,14.184397163120567,17.075306479859893,10.593220338983052,13.074484944532488,12.211668928086839,13.005780346820808,12.636612021857923,18.06083650190114,28.676470588235293,39.31451612903226,30.70175438596491,21.760154738878143,16.194331983805668,16.18705035971223,17.432646592709983,15.423242467718794,20.79303675048356,28.42377260981912,18.333333333333332,20.833333333333332,4.263786242183058,8.860153256704981,11.224489795918368,11.137162954279015,10.686164229471315,16.638225255972696,15.98360655737705,15.273311897106108,13.087248322147651,17.46323529411765,20.5761316872428,24.074074074074073,23.69077306733167,16.695957820738137,21.11111111111111
54,9.979529170931423,7.812500000000001,11.194029850746269,10.89588377723971,16.956521739130434,23.12775330396476,14.885496183206106,14.487369985141159,16.062602965403624,10.84262701363073,11.991279069767442,11.26126126126126,12.08563535911602,13.031550068587105,17.117117117117118,28.84615384615385,38.314176245210724,30.434782608695652,23.053278688524593,16.06425702811245,17.741935483870968,16.76602086438152,14.625850340136054,21.8052738336714,28.571428571428573,18.58108108108108,21.920668058455117,4.263786242183058,8.159564823209427,11.224489795918368,10.99537037037037,11.470588235294118,16.927083333333332,16.142384105960264,16.83937823834197,14.925373134328359,16.256590509666083,21.83406113537118,24.559193954659946,15.040650406504065,17.0556552962298,22.511848341232227
55,9.419551934826883,7.709251101321586,11.450381679389313,11.158021712907116,17.410714285714285,25.862068965517242,12.64591439688716,15.105740181268882,15.751211631663974,13.215859030837006,10.638297872340425,11.538461538461538,12.587412587412587,13.728323699421965,17.304189435336976,31.451612903225808,39.0625,30.112044817927167,23.83474576271186,16.39344262295082,17.713365539452496,16.163793103448278,15.162200282087445,20.476190476190474,27.5,18.51851851851852,21.604938271604937,3.5414480587618042,7.716049382716049,12.222222222222221,11.771995043370508,11.761158021712907,17.599277978339348,16.956521739130434,16.868512110726645,15.64945226917058,16.429840142095916,20.06172839506173,24.074074074074073,11.658031088082904,18.26923076923077,21.541950113378682
56,9.693877551020408,7.9113924050632916,12.261580381471388,11.266747868453107,17.79197080291971,27.061855670103096,15.402843601895734,15.384615384615385,15.806988352745424,11.734028683181227,12.578616352201257,12.244897959183673,12.5,13.361462728551338,22.673031026252985,31.55339805825243,40.65040650406504,28.514588859416442,23.4375,15.666666666666666,15.129682997118154,17.281105990783413,15.261627906976742,19.265232974910397,27.98507462686567,19.332161687170473,21.93877551020408,3.8681948424068766,8.411214953271028,13.306451612903226,11.875,11.376896149358226,18.361581920903955,17.379679144385026,15.522875816993464,15.625,16.371681415929203,20.483193277310928,23.78048780487805,14.498432601880879,18.316831683168317,20.92760180995475
57,9.585492227979275,8.035714285714286,12.333333333333334,11.419753086419753,17.857142857142858,26.348039215686278,14.064697609001408,16.39344262295082,16.868512110726645,12.448132780082986,10.55858310626703,11.160714285714285,12.83880171184023,13.380281690140846,17.12962962962963,33.05084745762712,40.98360655737705,27.21518987341772,22.865853658536583,15.440210249671486,13.4375,18.488745980707396,15.855457227138643,19.79742173112339,25.727069351230423,19.29824561403509,21.784232365145225,4.613807245386193,8.411214953271028,13.136942675159236,11.949685534591195,11.607142857142858,17.757009345794394,17.135325131810195,15.833333333333334,15.503875968992247,17.463235294117645,19.897959183673468,24.193548387096776,13.847305389221557,19.072164948453608,21.461716937354993
58,9.605399792315678,8.474576271186441,13.19543509272468,11.5625,18.500948766603415,26.741293532338307,15.313935681470138,15.210608424336975,16.695205479452056,12.34132581100141,11.976047904191617,12.10235131396957,13.081395348837207,13.194444444444445,17.518939393939394,32.718120805369125,44.64285714285714,29.291553133514984,23.93617021276596,15.161290322580646,13.694267515923567,17.087667161961367,15.878877400295421,19.509981851179674,24.46808510638298,18.64406779661017,21.62977867203219,5.302435192458759,9.375,13.79598662207358,10.294117647058824,11.033681765389083,18.5546875,16.843971631205672,15.966386554621849,16.0,17.41996233521657,20.440251572327043,25.0,13.582966226138034,18.537074148296593,21.56177156177156
59,9.814612868047984,10.882016036655212,13.309352517985612,11.620603015075378,16.666666666666668,30.626780626780626,14.58036984352774,14.750378214826023,16.25,11.528326745718049,11.204481792717086,12.169680111265645,12.413793103448276,13.649425287356323,18.33976833976834,34.946236559139784,46.948356807511736,27.84974093264249,24.834437086092716,15.562913907284768,15.335235378031385,17.557251908396946,15.789473684210526,19.981412639405207,23.711340206185568,18.502581755593802,22.151898734177216,4.098360655737705,9.46372239747634,13.819095477386934,9.49367088607595,11.585365853658537,17.958412098298677,18.22429906542056,17.135325131810195,16.474464579901152,16.60682226211849,20.483193277310924,25.1937984496124,13.930722891566264,18.389662027833005,21.971496437054633
60,10.087241003271536,8.347978910369068,11.64294954721863,11.378002528445007,18.29268292682927,30.453257790368273,15.530303030303031,14.727540500736376,17.54385964912281,11.713520749665328,12.38390092879257,13.00148588410104,11.63563829787234,13.950073421439061,18.774703557312254,34.69750889679715,48.78048780487805,25.7177033492823,25.981524249422634,15.645805592543276,14.788732394366198,17.665130568356375,15.486725663716811,20.018621973929235,24.89177489177489,18.40753424657534,22.58403361344538,3.4246575342465753,9.090909090909092,13.559322033898304,9.10010111223458,12.803234501347708,18.51851851851852,18.055555555555557,17.195767195767196,16.39344262295082,18.095238095238095,20.569620253164558,26.246719160104988,15.248796147672552,17.307692307692307,22.839506172839506
61,10.171306209850107,8.847549909255898,13.005780346820808,11.568123393316196,19.5,34.67741935483871,18.6219739292365,14.992503748125936,17.256637168141594,13.257575757575758,12.28878648233487,13.177159590043924,12.068965517241379,13.61031518624642,19.308943089430894,35.97122302158273,50.76142131979696,25.35377358490566,26.53301886792453,15.771812080536913,14.747191011235955,17.189835575485798,14.898255813953488,20.673076923076923,25.9009009009009,18.760907504363004,22.872340425531913,4.710632570659489,8.910891089108912,14.010507880910682,9.127789046653145,13.51351351351351,18.88667992047714,17.727272727272727,17.857142857142858,17.301038062283737,19.076305220883537,20.8779443254818,25.31645569620253,15.859766277128548,17.647058823529413,23.009950248756216
62,9.701492537313433,8.788159111933396,12.622720897615705,17.578125,17.79197080291971,29.132791327913274,13.21003963011889,16.69449081803005,16.00985221674877,12.878787878787879,15.444015444015445,12.605042016806722,13.043478260869565,13.728323699421965,22.300469483568076,35.842293906810035,50.76142131979696,27.706185567010312,26.533018867924525,15.239948119325552,14.935988620199147,17.189835575485798,15.140324963072377,19.545454545454547,25.9009009009009,19.196428571428573,23.369565217391305,4.67741935483871,7.875787578757876,11.584454409566517,9.213147410358566,13.361462728551338,18.88667992047714,18.02218114602588,18.85880077369439,17.21170395869191,19.387755102040817,20.967741935483872,25.445292620865143,16.493055555555557,17.716535433070867,23.182957393483704
63,9.540117416829746,9.117082533589251,13.059701492537313,17.408123791102515,23.696682464454973,25.54744525547445,15.015015015015017,16.366612111292962,18.122676579925653,12.372634643377001,12.519561815336463,11.795543905635649,13.595166163141993,14.17910447761194,18.962075848303392,36.63003663003663,49.26108374384236,26.348039215686278,27.04326923076923,15.835579514824797,16.40625,17.96875,15.625000000000002,19.748653500897664,26.376146788990823,19.23076923076923,23.471615720524017,4.67741935483871,8.177570093457945,12.090483619344775,9.574468085106384,13.991163475699556,18.59099804305284,17.889908256880734,18.96887159533074,17.636684303350968,19.8744769874477,20.61310782241015,24.213075060532688,16.90391459074733,18.14516129032258,22.167487684729064
64,10.563380281690142,9.033423667570009,12.358757062146893,19.639065817409765,22.123893805309734,25.54744525547445,16.115702479338843,15.527950310559005,18.500948766603415,11.988716502115654,12.071651090342678,12.517385257301807,13.533834586466165,14.157973174366619,19.62809917355372,37.59398496240601,54.34782608695652,27.010050251256285,28.481012658227847,16.34214186369958,16.881028938906752,17.91277258566978,15.789473684210526,19.474637681159418,27.31591448931116,21.739130434782613,24.4874715261959,4.4753086419753085,7.882882882882883,13.513513513513512,10.369955156950672,14.221556886227546,19.62809917355372,18.19029850746269,19.268774703557312,18.181818181818183,19.75051975051975,19.153225806451612,24.63054187192118,16.725352112676056,19.432773109243698,21.8978102189781
65,10.483870967741936,9.129213483146067,13.983050847457626,19.027484143763214,21.27659574468085,24.41860465116279,15.151515151515152,17.421602787456447,18.5361216730038,12.212643678160921,12.4,13.005780346820808,13.657056145675265,14.30722891566265,21.81208053691275,36.90036900369004,58.139534883720934,28.514588859416442,30.503978779840846,15.856950067476385,17.017828200972446,18.852459016393443,15.64828614008942,19.652650822669102,28.11735941320293,22.584033613445378,24.655963302752294,4.8172757475083055,7.961783439490445,13.6986301369863,10.022271714922049,15.297906602254429,19.8744769874477,17.367458866544787,20.61855670103093,18.55287569573284,19.587628865979383,19.8744769874477,25.70694087403599,16.40759930915371,19.39203354297694,21.12676056338028
66,9.989484752891693,9.22421948912015,12.992125984251969,18.649193548387096,21.09704641350211,25.609756097560975,13.968481375358166,17.37967914438503,18.482490272373543,12.55539143279173,12.601626016260163,12.376237623762377,14.173228346456693,14.772727272727273,21.8609865470852,39.682539682539684,58.8235294117647,29.054054054054053,29.228855721393032,16.737891737891736,17.451298701298704,19.262295081967213,15.866873065015481,19.981412639405207,28.96725440806045,22.775423728813557,23.48993288590604,5.193905817174515,8.462282398452611,13.913824057450627,10.511363636363637,15.297906602254429,20.2991452991453,17.304189435336976,20.92050209205021,18.867924528301888,20.25586353944563,20.47413793103448,26.737967914438503,18.571428571428573,19.680851063829788,18.6965811965812
67,11.74698795180723,9.184587813620071,13.07448494453249,19.432773109243698,21.008403361344538,27.131782945736433,15.163297045101089,15.98360655737705,18.774703557312254,13.565891472868216,11.664074650077762,12.358757062146893,14.218009478672986,13.970588235294118,22.209567198177673,37.59398496240601,57.142857142857146,30.714285714285715,28.245192307692307,17.22873900293255,17.68092105263158,19.72555746140652,16.773162939297123,20.593869731800766,28.186274509803923,23.068669527896994,25.7177033492823,5.034722222222222,8.865248226950355,13.548951048951048,10.031678986272441,15.427215189873417,20.2991452991453,18.71401151631478,19.268774703557316,19.157088122605362,18.954918032786885,19.75051975051975,26.31578947368421,17.988929889298895,20.02164502164502,18.19126819126819
68,10.72234762979684,9.309718437783834,16.536964980544745,18.5,22.573363431151243,30.235988200589972,15.455950540958268,18.055555555555557,19.153225806451612,13.277693474962062,13.135593220338983,13.82488479262673,14.106583072100314,14.772727272727273,22.674418604651162,37.3134328358209,57.142857142857146,30.890804597701152,26.869158878504674,16.96165191740413,18.103448275862068,20.282186948853614,16.74641148325359,21.849593495934958,29.262086513994912,23.068669527896994,24.705882352941178,5.430847212165098,9.656652360515023,14.458955223880599,9.46215139442231,16.062602965403624,21.11111111111111,19.11764705882353,19.77687626774848,22.138228941684666,20.084566596194506,20.833333333333336,27.04485488126649,19.539078156312623,18.633540372670808,19.10828025477707
69,9.736842105263158,9.25925925925926,15.454545454545455,21.739130434782606,22.471910112359552,28.314917127071823,16.129032258064516,17.256637168141594,19.114688128772634,13.996889580093313,11.244377811094452,14.0625,14.4,14.328808446455506,23.325358851674643,38.16793893129771,57.80346820809248,32.37951807228915,28.313253012048193,16.399416909620992,17.857142857142858,20.210896309314585,16.962843295638127,22.312373225152133,28.395061728395063,23.626373626373628,25.175644028103044,5.338078291814947,9.615384615384617,14.961389961389962,9.547738693467336,17.075306479859897,20.74235807860262,18.39622641509434,20.27027027027027,22.331154684095857,20.92511013215859,21.064301552106432,25.706940874035986,18.51851851851852,18.67219917012448,18.939393939393938
70,9.716386554621849,9.402121504339442,14.40677966101695,24.050632911392405,22.675736961451246,29.11931818181818,15.748031496062993,17.605633802816904,19.155206286836936,13.931888544891642,12.767710049423393,14.423076923076923,16.143106457242585,13.347763347763346,22.674418604651162,39.0625,57.4712643678161,32.57575757575758,28.313253012048193,15.972222222222221,18.282312925170068,20.604395604395606,16.962843295638123,23.758099352051836,28.409090909090907,23.78318584070796,25.656324582338904,5.2017654476670865,10.033444816053512,15.13671875,10.0,18.258426966292134,18.916155419222903,18.500948766603415,19.938650306748464,23.085585585585584,21.939953810623557,21.939953810623557,27.027027027027028,19.587628865979383,18.353174603174605,18.459915611814345
71,10.67907995618839,9.330143540669857,14.190317195325543,23.92947103274559,31.060606060606062,26.973684210526315,16.129032258064516,17.761989342806395,20.78891257995736,15.264026402640264,13.136288998357964,14.446227929373997,16.517857142857142,13.083451202263085,22.833723653395783,38.46153846153846,57.80346820809248,31.899109792284865,29.448621553884713,16.083916083916083,17.827529021558874,20.833333333333332,16.881028938906752,23.965141612200437,29.715762273901806,24.103139013452914,26.029055690072642,5.329780146568954,10.262257696693272,16.129032258064516,10.198744769874478,19.539078156312623,18.537074148296593,18.465909090909093,22.471910112359552,23.455377574370708,21.939953810623557,21.99074074074074,26.954177897574123,19.709543568464728,18.353174603174605,19.401330376940134
72,10.030864197530864,9.438528557599225,16.35514018691589,22.342995169082123,30.966767371601208,25.68922305764411,16.914191419141915,17.950963222416814,18.88667992047714,15.494137353433835,13.069139966273188,13.097072419106317,16.666666666666668,10.12373453318335,22.941176470588236,38.759689922480625,58.47953216374268,32.28228228228229,30.051150895140665,16.546762589928058,18.036912751677853,20.988805970149254,17.651888341543515,25.114155251141554,30.263157894736842,24.266365688487586,26.54320987654321,5.511022044088177,10.477299185098952,17.057569296375263,10.64410480349345,18.026565464895636,19.111570247933884,18.822393822393824,22.727272727272727,23.781902552204176,21.99074074074074,20.108695652173914,27.17391304347826,20.169851380042463,18.244575936883628,21.276595744680854
73,10.328389830508474,9.50950950950951,16.114180478821364,22.289156626506024,28.954802259887,29.285714285714285,16.33986928104575,18.772893772893774,19.308943089430894,15.468227424749164,11.485451761102604,13.866231647634585,18.234165067178502,15.314569536423841,23.78048780487805,39.37007874015748,58.139534883720934,35.59870550161813,30.379746835443036,16.594516594516595,18.59861591695502,21.844660194174757,17.470881863560734,25.28735632183908,28.395061728395063,24.487471526195897,25.903614457831324,5.574324324324325,9.776536312849162,17.16738197424893,10.992108229988725,17.958412098298673,19.032921810699587,18.8953488372093,21.149674620390456,22.321428571428573,20.833333333333336,20.555555555555557,27.472527472527467,20.43010752688172,18.244575936883628,20.547945205479454
74,10.714285714285714,10.555555555555555,13.957307060755337,21.971496437054633,29.71014492753623,30.415430267062312,16.778523489932887,18.98148148148148,20.084566596194506,14.925373134328359,12.01923076923077,13.934426229508198,17.387218045112782,14.350453172205437,24.074074074074073,39.21568627450981,54.6448087431694,36.184210526315795,30.205655526992288,16.882183908045977,18.53448275862069,17.973856209150327,18.134715025906733,28.64583333333333,29.41176470588235,24.431818181818183,26.608910891089106,5.978260869565218,10.269953051643192,17.505470459518598,10.9304932735426,18.164435946462717,19.473684210526315,19.23076923076923,23.148148148148145,23.148148148148145,20.975056689342406,20.37444933920705,27.548209366391188,20.2991452991453,18.877551020408163,19.487750556792875
75,10.64410480349345,10.555555555555555,16.47834274952919,23.69077306733167,30.147058823529413,27.479892761394105,16.207455429497568,19.230769230769234,20.2991452991453,15.391014975041596,12.380191693290735,13.754045307443366,19.34826883910387,12.865090403337968,23.955773955773953,39.0625,56.17977528089887,37.28813559322034,33.2409972299169,17.50380517503805,19.06028368794326,17.07132018209408,18.26086956521739,29.1005291005291,28.125,24.94199535962877,27.21518987341772,6.508422664624809,10.516826923076923,17.937219730941703,11.216056670602125,18.849206349206348,20.065075921908896,19.736842105263158,21.860986547085204,23.58490566037736,22.72727272727273,22.89156626506024,28.089887640449437,20.92511013215859,19.75051975051975,19.53125
76,11.79245283018868,11.098130841121495,16.203703703703702,24.869109947643977,30.415430267062312,28.409090909090907,16.479099678456592,20.41832669322709,20.652173913043477,15.264026402640264,12.85240464344942,13.910969793322733,19.832985386221292,12.382864792503346,24.314214463840397,37.59398496240602,56.81818181818181,34.92063492063492,29.974489795918366,17.669172932330827,18.75,18.057784911717498,18.75,29.64959568733154,29.947916666666668,25.058275058275054,27.353689567430028,6.212349397590361,10.318396226415095,16.702586206896548,11.15023474178404,18.33976833976834,20.64732142857143,21.27659574468085,21.2882096069869,24.330900243309003,21.022727272727273,23.631840796019898,27.93296089385475,22.108843537414966,19.832985386221296,20.689655172413794
77,13.315579227696405,11.676646706586826,13.714733542319749,25.065963060686016,34.166666666666664,25.68922305764411,16.75041876046901,22.245762711864405,20.509977827051,15.188834154351396,11.498516320474776,14.344262295081966,19.91614255765199,13.55206847360913,24.314214463840404,38.61003861003861,57.142857142857146,34.70031545741325,31.6711590296496,19.262295081967213,20.018621973929235,17.94453507340946,18.95306859205776,30.555555555555557,31.335149863760215,25.58139534883721,26.25,6.001500375093773,10.883084577114428,17.22222222222222,11.515151515151516,18.81188118811881,20.833333333333336,20.483193277310928,22.362385321100916,24.096385542168676,21.713615023474176,24.358974358974358,28.985507246376812,22.041763341067284,20.386266094420602,19.18859649122807
78,13.486842105263158,12.037037037037036,15.034364261168385,24.050632911392405,29.285714285714285,27.333333333333332,16.94214876033058,21.29817444219067,19.978401727861772,15.546218487394958,11.515601783060921,15.59792027729636,19.709543568464728,13.991163475699556,25.128865979381445,38.46153846153846,55.24861878453038,37.16216216216216,31.501340482573728,18.75,20.244821092278723,18.58108108108108,19.16058394160584,30.812324929971986,30.343007915567284,25.656324582338904,26.381909547738694,6.156716417910448,11.39240506329114,16.268980477223426,12.132822477650063,20.127118644067796,19.31106471816284,20.8779443254818,21.8609865470852,23.980815347721823,23.002421307506054,24.93438320209974,29.23976608187134,22.61904761904762,20.555555555555557,17.06827309236948
79,12.860727728983688,11.189634864546525,15.112262521588947,25.675675675675677,32.03125,28.005464480874316,16.37380191693291,22.186147186147185,21.118721461187217,15.625000000000002,11.814024390243903,15.929203539823009,20.2991452991453,14.17910447761194,25.523560209424083,38.314176245210724,56.17977528089889,34.78964401294498,32.0855614973262,18.273716951788487,22.132796780684103,19.6078431372549,20.437262357414447,31.884057971014492,29.527559055118108,26.477832512315274,26.923076923076923,7.071547420965059,11.363636363636363,16.33986928104575,12.907608695652176,20.342612419700213,20.19650655021834,22.77904328018223,22.15909090909091,24.50980392156863,23.002421307506054,24.869109947643977,30.030030030030034,21.889400921658982,21.252796420581653,17.453798767967143
80,11.45710928319624,11.32404181184669,17.374517374517374,24.173027989821886,32.13166144200627,28.08219178082192,18.859649122807017,22.151898734177216,21.264367816091955,15.572390572390571,11.760242792109256,16.304347826086957,20.787746170678336,14.548238897396628,27.027027027027028,38.46153846153846,57.142857142857146,31.710914454277287,34.18803418803419,18.562401263823066,22.77432712215321,19.6078431372549,21.673387096774196,32.738095238095234,30.160857908847188,26.283618581907092,28.074866310160427,6.54242664551943,12.32876712328767,17.573696145124718,12.6193724420191,20.87912087912088,21.070615034168565,22.058823529411764,22.15909090909091,25.57544757033248,23.227383863080686,27.464788732394368,30.395136778115504,19.84978540772532,21.15812917594655,19.358407079646017
81,13.513513513513514,11.45710928319624,17.92828685258964,25.132275132275133,33.387622149837135,30.147058823529413,15.671641791044776,23.617511520737327,19.148936170212767,16.57706093189964,12.5,15.845070422535212,20.2991452991453,13.868065967016491,28.73563218390805,40.816326530612244,59.880239520958085,30.726256983240226,31.58602150537634,18.982229402261712,22.312373225152133,20.168855534709195,21.457085828343313,34.70031545741325,32.122905027932966,27.28426395939086,24.00468384074941,7.191201353637902,11.378413524057216,18.149882903981265,12.636612021857923,20.97130242825607,21.461716937354993,22.941176470588236,21.475770925110133,25.575447570332486,22.89156626506024,27.857142857142858,31.05590062111801,21.44469525959368,21.99074074074074,18.722466960352424
82,13.429752066115704,11.933174224343674,18.19126819126819,27.464788732394368,35.714285714285715,29.71014492753623,16.483516483516482,22.234273318872017,19.978401727861772,16.517857142857142,12.519561815336463,15.652173913043478,21.44469525959368,14.570552147239267,29.850746268656717,40.816326530612244,65.359477124183,32.64094955489614,31.417112299465234,19.29392446633826,21.568627450980394,18.695652173913043,21.673387096774192,34.81012658227848,33.68263473053892,26.94235588972431,23.348519362186785,7.4430823117338,12.186629526462395,18.427518427518425,13.380281690140846,20.97130242825607,19.396551724137932,24.014778325123153,21.763392857142858,24.49748743718593,23.227383863080682,28.508771929824558,31.54574132492113,20.64732142857143,22.19626168224299,17.63485477178423
83,12.666666666666666,13.089005235602093,17.453798767967143,26.170798898071627,33.60655737704918,28.87323943661972,16.40625,22.577092511013213,21.022727272727273,15.679442508710801,13.681592039800996,16.071428571428573,21.252796420581653,14.544025157232705,30.030030030030034,41.32231404958678,68.4931506849315,33.84615384615385,34.883720930232556,19.915254237288135,24.40347071583514,19.616788321167885,22.21074380165289,33.63914373088685,35.828025477707,27.849740932642487,24.52153110047847,7.417102966841187,12.5,18.656716417910445,13.367052023121387,21.11111111111111,21.86761229314421,24.49748743718593,22.209567198177677,24.872448979591834,23.514851485148515,28.26086956521739,32.05128205128205,20.32967032967033,24.296675191815854,19.14660831509847
84,13.78809869375907,13.14060446780552,17.78242677824268,26.31578947368421,32.64331210191083,28.87323943661972,16.203703703703706,23.03370786516854,21.46171693735499,16.100178890876567,12.5,15.817223198594025,21.11111111111111,15.289256198347108,27.936962750716333,41.49377593360995,72.46376811594203,34.48275862068966,31.58602150537634,20.614035087719298,23.68421052631579,19.36936936936937,22.63157894736842,34.70031545741325,36.885245901639344,27.4234693877551,24.34679334916865,7.456140350877193,13.138138138138139,18.61042183622829,12.096774193548386,21.788990825688074,20.50113895216401,24.13366336633663,22.26027397260274,25.590551181102366,23.631840796019898,28.508771929824558,31.15264797507788,20.152505446623096,24.074074074074073,17.857142857142858
85,13.928571428571429,12.468827930174562,15.51094890510949,26.38888888888889,29.673590504451035,30.32544378698225,16.962843295638127,22.271714922049,20.37444933920705,16.129032258064516,12.861736334405144,15.569395017793594,20.87912087912088,16.129032258064516,27.542372881355927,42.5531914893617,73.52941176470588,34.16149068322981,31.756756756756758,20.37351443123939,22.5,20.093457943925234,22.0440881763527,35.03184713375796,37.75167785234899,28.743315508021393,24.11764705882353,7.643884892086332,12.212643678160921,19.53125,11.920529801324504,22.041763341067288,20.361990950226243,24.074074074074073,24.271844660194173,25.657894736842106,23.114355231143552,28.328611898016998,32.89473684210527,19.432773109243698,22.78177458033573,18.085106382978722
86,14.074074074074074,12.330456226880395,14.964788732394368,28.106508875739646,27.397260273972602,33.980582524271846,17.796610169491526,23.419203747072597,20.555555555555557,17.066420664206642,12.618296529968454,16.333938294010892,21.348314606741575,15.442404006677796,29.017857142857142,44.24778761061947,74.6268656716418,33.132530120481924,30.92105263157895,21.880819366852887,22.365805168986086,20.599250936329586,22.964509394572026,35.714285714285715,32.64094955489614,28.514588859416442,23.25581395348837,7.678410117434508,12.686567164179104,19.28020565552699,12.865090403337968,21.348314606741575,22.0763723150358,24.62121212121212,25.188916876574307,26.280323450134777,23.39901477832512,28.328611898016998,33.222591362126245,20.464601769911503,22.352941176470587,20.068807339449542
87,12.820512820512821,12.195121951219512,17.570281124497992,28.700906344410875,28.653295128939824,30.70175438596491,18.220338983050848,22.988505747126435,21.264367816091955,17.585551330798477,13.029315960912053,15.88021778584392,21.252796420581653,15.866209262435678,31.25,45.045045045045036,75.18796992481202,35.01628664495114,31.417112299465234,22.25378787878788,22.959183673469386,19.92753623188406,23.655913978494624,35.59870550161813,32.448377581120944,28.514588859416442,24.404761904761905,8.365200764818356,12.839879154078549,20.107238605898125,13.663220088626291,22.61904761904762,22.783251231527093,24.809160305343514,26.246719160104988,27.008310249307478,24.111675126903553,28.653295128939828,34.48275862068966,19.978401727861772,23.114355231143556,20.207852193995382
88,12.913907284768213,13.666666666666666,15.947467166979363,29.6875,30.780780780780784,31.25,18.45342706502636,22.727272727272727,21.022727272727273,17.822736030828516,14.199655765920825,16.38576779026217,24.68354430379747,16.11498257839721,33.11258278145696,46.51162790697674,76.92307692307692,34.90259740259741,31.58602150537634,22.90448343079922,23.14814814814815,20.18348623853211,24.22907488986784,38.265306122448976,33.23262839879155,29.023746701846967,25.56109725685786,8.40751730959446,12.898330804248861,22.142857142857142,13.785394932935917,19.190871369294605,22.11302211302211,24.809160305343514,26.666666666666668,27.857142857142858,27.620396600566576,26.71232876712329,34.84320557491289,21.788990825688074,24.173027989821886,20.348837209302324
89,14.705882352941178,12.820512820512821,17.598343685300208,26.31578947368421,29.325513196480937,33.22784810126582,19.616788321167885,22.321428571428573,20.975056689342402,17.54385964912281,13.842281879194632,16.114180478821364,23.66504854368932,16.25659050966608,31.347962382445143,46.51162790697674,81.30081300813008,34.05572755417957,24.210526315789473,22.90448343079922,23.584905660377355,20.18348623853211,25.462962962962962,38.9273356401384,34.16149068322981,29.490616621983918,26.417525773195877,9.454949944382646,13.406940063091483,20.21563342318059,14.100609756097562,20.697167755991288,22.167487684729064,25.25906735751295,27.472527472527467,27.008310249307478,28.179190751445084,29.761904761904766,36.496350364963504,22.093023255813954,23.284313725490197,20.983213429256594
90,14.79514415781487,12.674271229404308,17.893660531697343,23.71794871794872,33.82838283828383,34.53947368421053,19.724770642201836,23.148148148148145,22.023809523809526,16.885553470919326,14.150943396226415,16.794625719769673,24.559193954659946,18.026565464895636,33.44481605351171,44.24778761061947,78.74015748031496,35.59870550161813,25.442477876106192,22.94921875,22.681451612903224,20.18348623853211,26.44230769230769,36.184210526315795,32.64094955489614,29.490616621983918,27.18832891246684,9.906759906759907,13.302034428794993,21.05263157894737,14.31888544891641,21.158129175946545,23.241206030150757,25.456919060052222,27.62430939226519,25.40106951871658,28.93175074183976,31.347962382445143,35.21126760563381,21.788990825688078,23.573200992555833,21.341463414634145
91,14.592933947772659,13.605442176870747,18.26722338204593,24.342105263157894,32.154340836012864,34.31372549019608,18.072289156626507,24.752475247524753,21.8978102189781,18.51851851851852,14.575971731448762,16.990291262135923,24.62121212121212,18.06083650190114,29.36746987951807,42.951541850220266,80.64516129032258,36.54485049833887,25.330396475770925,22.77227722772277,23.388773388773387,21.22641509433962,26.699029126213592,38.46153846153846,30.802292263610315,30.555555555555557,26.55440414507772,10.58530510585305,13.62179487179487,19.23076923076923,15.39708265802269,20.518358531317496,24.025974025974026,26.209677419354836,27.260638297872344,25.0,29.545454545454547,31.446540880503143,35.714285714285715,21.839080459770116,24.173027989821886,20.734597156398102
92,14.595808383233534,13.908205841446453,18.38235294117647,27.126099706744867,36.09154929577465,33.980582524271846,20.076481835564053,23.955773955773953,21.951219512195124,18.367346938775512,14.545454545454545,16.822429906542055,25.456919060052222,19.4672131147541,31.847133757961785,46.42857142857143,72.99270072992701,36.07382550335571,23.517382413087933,22.94921875,24.29805615550756,20.952380952380953,27.707808564231737,38.32752613240418,28.688524590163933,30.386740331491712,28.15934065934066,11.953551912568306,13.911620294599018,19.1415313225058,16.843971631205672,20.2991452991453,23.3160621761658,27.698863636363633,28.15934065934066,25.40106951871658,28.93175074183976,31.25,36.93181818181819,21.493212669683256,24.358974358974358,20.238095238095237
93,14.976958525345623,12.51604621309371,19.796380090497735,25.675675675675677,37.13768115942029,35.11705685618729,20.388349514563107,25.252525252525253,22.616136919315405,17.15686274509804,14.652014652014651,17.12328767123288,26.06951871657754,18.916155419222903,31.451612903225808,43.7219730941704,84.03361344537817,36.195286195286194,23.958333333333332,25.432900432900432,25.111607142857146,21.782178217821784,26.029055690072642,39.285714285714285,26.7175572519084,31.339031339031337,28.314917127071823,12.376237623762377,14.049586776859504,12.943786982248522,17.335766423357665,21.300448430493272,24.666666666666668,28.42565597667639,28.954802259887007,22.352941176470587,28.93175074183976,33.11258278145696,37.64478764478765,21.71361502347418,23.536895674300258,21.604938271604937
94,13.283378746594005,12.674271229404308,20.396270396270396,25.606469002695416,39.27203065134099,33.546325878594246,21.11984282907662,24.81389578163772,22.22222222222222,19.574944071588366,14.981273408239701,17.821782178217823,27.777777777777782,18.82845188284519,31.862745098039213,44.31818181818182,81.96721311475409,39.52205882352941,23.958333333333332,26.11111111111111,24.229074889867842,22.312373225152133,27.707808564231737,39.85507246376812,27.486910994764397,30.985915492957748,28.87323943661972,12.820512820512821,15.88021778584392,12.220670391061454,16.666666666666668,16.696750902527075,25.694444444444443,28.592375366568913,28.236914600550968,24.173027989821886,28.42565597667639,33.557046979865774,40.289256198347104,21.86761229314421,24.601063829787233,21.091811414392062
95,15.116279069767442,13.56050069541029,17.748478701825558,28.443113772455085,43.80341880341881,37.102473498233216,21.32936507936508,25.12562814070352,21.498771498771497,17.93032786885246,14.678899082568808,18.75,26.63934426229508,20.32967032967033,32.178217821782184,45.348837209302324,81.9672131147541,38.530465949820794,25.10917030567686,24.364406779661014,23.965141612200437,23.206751054852322,28.64583333333333,36.564625850340136,29.37158469945355,30.89887640449438,29.970760233918128,13.7987012987013,15.178571428571429,13.177710843373493,17.723880597014926,16.256590509666083,26.428571428571427,28.93175074183976,29.6242774566474,26.42276422764228,28.17919075144509,34.36426116838488,40.794979079497914,21.31336405529954,25.19893899204244,24.373259052924787
96,14.415781487101668,13.56050069541029,23.872679045092838,26.91218130311615,46.380090497737555,36.8421052631579,19.924098671726753,28.73563218390805,22.60981912144703,19.35483870967742,15.09433962264151,19.271948608137045,30.0,20.044543429844097,35.587188612099645,45.99056603773585,81.9672131147541,39.09090909090909,25.32327586206896,25.0,24.444444444444443,23.758099352051836,28.795811518324605,40.71969696969697,29.37158469945355,29.944289693593316,27.700831024930746,14.072847682119205,15.539305301645337,13.82306477093207,18.33976833976834,16.313932980599645,27.126099706744867,29.456193353474326,29.71014492753623,28.508771929824558,29.725609756097562,31.05095541401274,42.016806722689076,22.506082725060832,26.203966005665723,24.787535410764875
97,15.163934426229508,14.028776978417266,23.195876288659797,25.265957446808514,44.18103448275862,36.971830985915496,21.21212121212121,27.027027027027028,22.84595300261097,20.17937219730942,15.957446808510637,19.315673289183223,30.75709779179811,21.31336405529954,35.3356890459364,44.843049327354265,81.9672131147541,40.71969696969697,26.583710407239817,27.262180974477957,26.785714285714285,22.921108742004265,27.353689567430028,39.66789667896679,30.890804597701152,31.710914454277287,28.328611898016998,15.13840830449827,18.115942028985508,15.765765765765765,17.322097378277153,21.11111111111111,27.205882352941178,30.854430379746834,30.235988200589972,24.23469387755102,31.451612903225808,31.9672131147541,41.49377593360995,22.342995169082126,25.91036414565826,25.36231884057971
98,15.517241379310345,13.380281690140846,22.84263959390863,29.051987767584095,44.18103448275862,37.76978417266187,21.12676056338028,28.011204481792713,24.104683195592287,20.58823529411765,16.53696498054475,19.574944071588366,31.25,21.511627906976745,36.79245283018868,50.25125628140704,89.28571428571429,40.14598540145985,28.042959427207638,30.128205128205128,27.37226277372263,24.122807017543863,27.92207792207792,40.41353383458647,31.899109792284865,31.524926686217007,28.985507246376812,14.510779436152571,18.27956989247312,17.967145790554415,18.389662027833005,21.300448430493276,29.272151898734176,31.55339805825243,30.32544378698225,28.097982708933714,31.050955414012737,31.451612903225808,42.19409282700422,23.71794871794872,29.23076923076923,26.197604790419163
99,15.920826161790016,14.275256222547581,22.60981912144703,29.320987654320987,48.83720930232558,38.18181818181818,22.058823529411764,27.700831024930746,23.174157303370787,20.348837209302324,17.171717171717173,19.751693002257337,31.150159744408946,21.86761229314421,36.51685393258427,50.25125628140704,96.15384615384615,39.00709219858156,28.72860635696821,29.746835443037973,28.054862842892767,23.157894736842106,30.303030303030305,41.82879377431907,31.61764705882353,32.774390243902445,30.395136778115504,14.510779436152571,16.36904761904762,19.027484143763214,19.4327731092437,19.473684210526315,32.534246575342465,33.05084745762712,26.455026455026456,28.097982708933714,31.9672131147541,32.93918918918919,45.04504504504504,24.21465968586387,29.780564263322887,26.041666666666664
100,14.084507042253522,15.451664025356576,23.27127659574468,27.298850574712645,54.40414507772021,36.71328671328671,21.73913043478261,30.959752321981426,20.047169811320757,22.332506203473947,18.085106382978722,21.844660194174757,34.82142857142857,22.289156626506024,40.96638655462185,52.63157894736842,95.23809523809524,39.285714285714285,30.205655526992288,30.026109660574416,29.069767441860463,24.487471526195897,30.812324929971986,43.346774193548384,30.714285714285715,34.34504792332268,23.869346733668344,13.843648208469054,16.5,20.044543429844097,18.68686868686869,21.99074074074074,34.67153284671533,32.82828282828283,32.13166144200627,29.017857142857142,34.36426116838488,33.50515463917526,42.57641921397379,24.278215223097114,30.844155844155843,27.173913043478258
101,15.384615384615385,14.79514415781487,23.08707124010554,22.783251231527096,50.970873786407765,39.77272727272727,23.64864864864865,29.76190476190476,18.27956989247312,23.872679045092838,18.558951965065503,22.670025188916874,33.27645051194539,23.536895674300258,43.7219730941704,54.6448087431694,93.45794392523365,41.82509505703422,28.728606356968218,27.710843373493976,29.3733681462141,26.41277641277641,33.63914373088685,44.421487603305785,28.89784946236559,35.59602649006623,24.739583333333336,15.541740674955596,18.398268398268396,19.565217391304348,21.21559633027523,21.313364055299537,31.561461794019934,34.57446808510638,27.93296089385475,29.545454545454547,34.72222222222223,35.3356890459364,42.951541850220266,25.837988826815643,31.456953642384107,27.429467084639498
102,15.243902439024389,15.32258064516129,26.041666666666664,25.5524861878453,52.5,42.322834645669296,25.67237163814181,27.3876404494382,18.00411522633745,22.84595300261097,19.01565995525727,23.936170212765962,35.198555956678696,24.47089947089947,45.99056603773585,56.49717514124294,65.78947368421053,41.04477611940298,32.19178082191781,28.75,30.65395095367847,25.841346153846153,34.81012658227848,44.979079497907954,28.688524590163933,35.130718954248366,18.574297188755022,14.559068219633943,19.318181818181817,18.611670020120723,21.86761229314421,23.80952380952381,31.986531986531983,38.02281368821293,29.940119760479043,31.05095541401274,33.39041095890411,35.714285714285715,40.794979079497914,26.203966005665723,32.423208191126285,27.689873417721518
103,14.344262295081966,15.32258064516129,24.441340782122907,28.78787878787879,48.38709677419355,47.77777777777778,23.972602739726028,26.63934426229508,19.358407079646017,22.905759162303664,20.631067961165048,24.324324324324323,35.845588235294116,24.151436031331595,48.02955665024631,59.52380952380953,31.83229813664596,41.50579150579151,34.78260869565217,29.262086513994912,31.33704735376044,27.353689567430028,35.369774919614144,48.86363636363637,28.150134048257375,34.67741935483871,19.351464435146443,16.33393829401089,20.047169811320753,17.78846153846154,23.358585858585858,25.81521739130435,31.9672131147541,34.82142857142857,30.030030030030034,30.0,37.17472118959108,37.356321839080465,40.625,26.203966005665723,33.56890459363957,28.23920265780731
104,16.47834274952919,16.036184210526315,23.907103825136613,29.141104294478527,53.299492385786806,46.73913043478261,26.054590570719604,29.9079754601227,21.176470588235293,25.735294117647058,20.286396181384248,24.324324324324323,37.213740458015266,27.205882352941178,45.774647887323944,54.34782608695652,42.181069958847736,41.66666666666667,31.16883116883117,30.737704918032787,32.30337078651685,27.28426395939086,36.666666666666664,43.0,31.804733727810653,35.833333333333336,17.54385964912281,14.297385620915033,20.383693045563547,18.68686868686869,23.125,26.38888888888889,30.854430379746834,24.869109947643977,33.82838283828383,33.67003367003367,37.735849056603776,38.69047619047618,41.66666666666667,26.889534883720927,33.333333333333336,30.381944444444446
105,15.652951699463328,15.728476821192054,28.391167192429023,30.546623794212216,54.404145077720216,45.940170940170944,26.08142493638677,29.191616766467067,19.02173913043478,26.041666666666664,22.151898734177216,26.239067055393587,41.66666666666667,27.861445783132528,46.42857142857143,54.34782608695652,50.24509803921569,43.82470119521912,31.088082901554404,31.337047353760447,33.48214285714286,27.284263959390863,36.42384105960265,45.744680851063826,32.738095238095234,36.689419795221845,16.574585635359117,15.761821366024519,21.464646464646464,19.680851063829788,23.18295739348371,26.24309392265193,32.17821782178218,25.065963060686016,34.511784511784505,34.36426116838488,33.97212543554007,35.45454545454545,40.08438818565401,26.889534883720927,36.121673003802286,29.61672473867596
106,17.142857142857142,16.25,28.75399361022364,40.794979079497914,59.32203389830509,47.77777777777778,28.08219178082192,32.939189189189186,21.8978102189781,26.435045317220542,23.68421052631579,26.706231454005934,30.44871794871795,33.45070422535211,51.047120418848166,60.97560975609757,53.10880829015544,43.47826086956522,30.927835051546396,33.68263473053892,34.19452887537994,29.023746701846967,33.95061728395062,48.423423423423415,34.05572755417957,39.52205882352941,19.514767932489452,15.901060070671377,22.972972972972972,21.412037037037035,21.348314606741575,28.01724137931035,33.05084745762712,22.896039603960396,36.87050359712231,34.48275862068966,35.845588235294116,38.91050583657588,42.03539823008849,25.135869565217394,37.54940711462451,30.46594982078853
107,16.084558823529413,16.497461928934012,27.190332326283986,35.58394160583942,62.87425149700598,50.0,30.780780780780784,34.21052631578947,21.951219512195124,26.515151515151516,24.0,29.272151898734176,29.6875,31.353135313531354,54.469273743016764,60.24096385542168,52.83505154639175,42.80155642023347,29.746835443037973,32.89473684210526,35.37735849056604,29.25531914893617,38.530465949820794,51.19047619047619,36.689419795221845,41.34615384615385,21.971496437054633,17.485822306238187,24.01129943502825,20.50113895216401,23.75,30.092592592592588,37.87878787878788,26.170798898071627,31.645569620253163,35.714285714285715,39.0,40.65040650406504,43.98148148148148,28.46153846153846,39.419087136929456,32.94573643410853
108,16.5719696969697,18.571428571428573,26.94610778443114,34.82142857142857,66.87898089171975,50.46948356807511,30.597014925373134,32.07236842105263,21.135265700483092,28.239202657807308,25.423728813559322,32.34265734265734,29.595015576323988,31.147540983606557,54.469273743016764,62.893081761006286,55.4054054054054,44.0,32.01634877384196,33.43023255813954,38.92733564013841,29.569892473118276,39.09090909090909,45.454545454545446,39.711191335740075,41.666666666666664,23.417721518987342,17.890772128060263,25.147928994082843,22.5609756097561,22.78177458033573,31.451612903225808,37.03703703703704,28.87537993920973,24.62121212121212,38.610038610038615,38.0859375,42.19409282700422,46.65071770334929,30.42763157894737,41.85022026431717,36.324786324786324
109,14.344262295081966,19.5,28.30188679245283,37.79069767441861,65.625,56.578947368421055,30.688622754491018,34.84320557491289,23.521505376344084,27.419354838709676,25.4957507082153,35.17110266159696,29.141104294478527,34.172661870503596,66.3265306122449,61.349693251533736,58.23863636363636,43.650793650793645,31.16710875331565,37.33766233766234,35.36977491961415,30.991735537190085,40.71969696969697,47.61904761904761,40.14598540145985,42.68292682926829,23.778920308483286,18.410852713178294,25.602409638554214,23.477157360406093,24.675324675324674,32.178217821782184,39.37007874015748,33.10104529616724,29.104477611940297,38.38582677165354,40.28925619834711,43.91891891891892,47.97979797979798,32.91814946619217,46.34146341463415,38.46153846153846
110,17.647058823529413,17.890772128060263,35.30534351145038,39.795918367346935,58.98876404494383,62.86549707602339,31.635802469135804,36.63003663003663,26.31578947368421,31.954887218045112,29.60526315789474,37.2983870967742,28.03030303030303,36.12167300380228,67.24137931034483,70.92198581560282,78.94736842105263,48.888888888888886,33.95953757225434,37.828947368421055,37.62541806020067,30.82191780821918,41.666666666666664,51.401869158878505,41.509433962264154,44.303797468354425,14.143094841930118,20.144628099173556,26.35782747603834,22.783251231527093,26.170798898071627,36.245353159851305,34.33098591549296,42.60089686098655,33.222591362126245,42.951541850220266,42.2077922077922,48.26732673267327,50.0,33.45070422535211,49.738219895287955,82.52427184466019
111,23.39901477832512,16.256590509666083,27.77777777777778,39.1566265060241,60.0,60.0,33.67003367003367,40.289256198347104,26.865671641791046,30.109489051094894,28.662420382165607,37.90983606557377,21.264367816091955,37.54940711462451,64.14473684210526,64.93506493506493,57.06521739130435,59.78260869565218,39.03654485049834,42.77566539923954,36.78929765886288,33.23262839879154,43.52226720647773,52.38095238095238,43.30708661417323,48.38709677419355,14.143094841930118,19.8744769874477,28.350515463917525,24.675324675324674,28.84615384615385,39.959016393442624,41.15226337448559,40.42553191489362,36.36363636363637,48.543689320388346,54.6448087431694,53.57142857142856,51.0752688172043,33.56890459363957,46.79802955665024,113.33333333333333
112,24.93438320209974,18.137254901960784,37.29838709677419,42.918454935622314,68.62745098039215,50.23923444976077,34.72222222222222,37.35632183908046,27.027027027027028,28.745644599303137,33.333333333333336,35.573122529644266,19.313304721030043,39.583333333333336,67.70833333333334,62.903225806451616,63.63636363636363,58.82352941176471,41.81184668989547,41.36029411764706,39.33566433566434,35.947712418300654,47.3568281938326,61.45251396648045,44.354838709677416,51.72413793103449,14.811490125673249,21.11111111111111,30.330882352941178,27.696793002915456,30.18575851393189,41.139240506329116,37.35632183908046,44.31818181818182,38.16793893129771,46.65071770334929,53.475935828877,53.86740331491712,36.852589641434264,34.92647058823529,46.34146341463415,0.0
113,21.714922048997774,19.31106471816284,40.92920353982301,39.0,67.74193548387096,39.88326848249027,35.842293906810035,42.19409282700421,25.735294117647058,28.448275862068964,35.294117647058826,37.34439834024896,25.412087912087912,39.91596638655462,63.31168831168831,70.42253521126761,77.20588235294117,64.32748538011695,43.956043956043956,42.13483146067416,40.89219330855019,35.483870967741936,49.53917050691244,60.773480662983424,42.96875,57.69230769230769,10.135135135135135,20.24070021881838,30.330882352941178,28.875379939209722,31.758957654723126,39.21568627450981,36.38059701492537,53.27868852459016,37.735849056603776,44.11764705882353,59.1715976331361,51.86170212765957,27.027027027027028,38.306451612903224,52.77777777777778,0.0
114,20.87912087912088,18.916155419222903,43.42723004694835,47.10144927536232,80.76923076923077,33.003300330033,39.21568627450981,41.32231404958678,28.688524590163933,26.578073089700997,31.690140845070424,38.793103448275865,26.056338028169016,45.45454545454546,63.725490196078425,76.92307692307692,81.3953488372093,67.90123456790124,42.10526315789474,46.48760330578513,41.98473282442748,39.285714285714285,41.509433962264154,66.66666666666667,47.61904761904761,53.84615384615385,10.135135135135135,17.452830188679247,31.25,34.42028985507246,31.655844155844154,42.19409282700422,39.314516129032256,54.469273743016764,40.16064257028113,46.208530805687204,60.97560975609757,48.029556650246306,33.273381294964025,41.48471615720524,49.47916666666667,0.0
115,26.31578947368421,19.31106471816284,42.237442922374434,52.41935483870967,76.08695652173913,18.5361216730038,34.602076124567475,48.029556650246306,31.02836879432624,27.966101694915253,30.27681660899654,43.22429906542057,26.81159420289855,49.47916666666667,56.35838150289017,78.125,61.781609195402304,57.69230769230769,45.97701149425287,48.07692307692308,36.76470588235294,41.18773946360153,46.943231441048034,68.75,51.64319248826291,60.73446327683616,7.393209200438116,17.241379310344826,35.560344827586206,32.64604810996563,33.854166666666664,45.348837209302324,42.76315789473685,49.24242424242425,40.65040650406504,46.208530805687204,47.5609756097561,57.35294117647059,31.896551724137932,43.57798165137615,62.09150326797386,0.0
116,22.833723653395783,17.03499079189687,46.717171717171716,52.35602094240837,62.87425149700599,24.559193954659946,37.3134328358209,47.794117647058826,35.573122529644266,30.21978021978022,27.77777777777778,39.301310043668124,34.798534798534796,57.57575757575758,66.2251655629139,92.59259259259258,62.13872832369942,60.48387096774193,46.33204633204633,50.22321428571429,38.92733564013841,41.030534351145036,51.68269230769231,72.8476821192053,56.41025641025641,65.625,8.016627078384797,18.59504132231405,38.55140186915888,38.30645161290323,36.111111111111114,46.208530805687204,45.77464788732395,56.6860465116279,49.75728155339805,39.91596638655462,50.78125,53.27868852459016,35.31598513011153,49.738219895287955,67.37588652482269,0.0
117,25.930851063829785,20.02164502164502,42.237442922374434,50.0,75.53956834532374,24.62121212121212,42.73504273504274,45.87155963302752,36.58536585365854,34.232365145228215,36.58536585365854,46.875,40.08438818565401,62.091503267973856,59.8159509202454,114.9425287356322,72.14765100671141,64.28571428571429,50.646551724137936,54.18719211822661,46.106557377049185,39.81481481481482,49.53917050691244,78.57142857142857,56.12244897959183,73.42657342657343,9.575923392612859,21.8978102189781,42.09183673469388,38.9344262295082,41.666666666666664,50.5181347150259,55.08474576271187,54.166666666666664,49.27884615384615,41.85022026431717,54.7752808988764,59.451219512195124,34.132841328413285,53.97727272727272,51.675977653631286,0.0
118,29.104477611940297,20.127118644067796,48.68421052631579,55.714285714285715,72.91666666666667,30.058651026392962,45.662100456621005,44.72477064220184,39.130434782608695,34.375,44.776119402985074,44.776119402985074,40.08438818565401,71.96969696969697,77.51937984496125,113.63636363636363,87.39837398373983,68.59756097560977,49.16317991631799,35.953177257525084,51.111111111111114,47.945205479452056,48.86363636363637,68.18181818181819,62.857142857142854,60.344827586206904,11.437908496732026,24.523160762942776,43.88297872340426,41.30434782608695,42.03539823008849,54.469273743016764,60.9375,50.53191489361702,47.846889952153106,48.96907216494846,57.35294117647059,67.70833333333334,43.77880184331797,46.717171717171716,58.17610062893082,0.0
119,31.15501519756839,22.093023255813954,44.90291262135922,50.5181347150259,68.62745098039215,30.76923076923077,48.07692307692307,49.74489795918367,44.11764705882353,35.714285714285715,47.61904761904762,47.61904761904762,44.60093896713615,65.97222222222221,72.46376811594203,104.16666666666667,97.72727272727273,78.125,59.04522613065327,40.0,59.27835051546392,44.42148760330578,50.23364485981309,66.96428571428571,57.59162303664921,69.80519480519482,13.863216266173755,26.470588235294116,45.58011049723756,22.040302267002517,48.46938775510204,45.893719806763286,48.46938775510204,47.73869346733668,51.81347150259067,56.886227544910184,57.017543859649116,75.0,48.96907216494846,54.73372781065089,67.02898550724638,0.0
120,33.064516129032256,22.352941176470587,54.093567251461984,55.397727272727266,65.95092024539878,52.295918367346935,58.8235294117647,47.5609756097561,45.0,39.603960396039604,44.47115384615385,54.87804878048781,43.37899543378996,59.74842767295598,82.64462809917356,120.48192771084337,81.43939393939394,90.72580645161291,68.71345029239765,40.41353383458647,59.895833333333336,49.08675799086758,47.77777777777778,87.78625954198472,59.78260869565218,66.77018633540372,12.640449438202248,31.25,44.94382022471911,28.938906752411576,53.67231638418078,47.73869346733669,55.08474576271187,55.397727272727266,61.349693251533736,52.77777777777778,67.11409395973155,85.52631578947368,51.351351351351354,53.77906976744186,70.07575757575758,0.0
121,36.93181818181818,23.29974811083123,52.63157894736842,60.55900621118012,61.76470588235294,50.99502487562189,55.8659217877095,54.7752808988764,45.68527918781726,37.8440366972477,46.15384615384615,48.177083333333336,48.717948717948715,83.33333333333334,109.8901098901099,135.13513513513513,72.41379310344827,96.98275862068965,69.11764705882354,44.791666666666664,59.58549222797927,46.53679653679654,47.21030042918456,75.16339869281046,75.17482517482519,80.22388059701494,13.861386138613861,36.43724696356276,57.55395683453237,32.37410071942446,51.351351351351354,53.672316384180796,59.451219512195124,68.66197183098592,56.17977528089887,62.5,87.83783783783784,84.05172413793103,52.1978021978022,55.722891566265055,75.20325203252033,0.0
122,35.45454545454545,23.96373056994819,51.388888888888886,62.903225806451616,68.18181818181819,47.235023041474655,67.11409395973155,65.78947368421053,50.0,45.32967032967032,57.324840764331206,52.63157894736842,61.29032258064516,106.74157303370787,106.38297872340425,163.9344262295082,97.72727272727273,75.0,76.43312101910827,53.57142857142857,68.45238095238095,55.12820512820513,64.37125748502994,70.5521472392638,77.33812949640287,67.61006289308176,19.07894736842105,35.28225806451613,36.21495327102804,34.74903474903475,54.59770114942529,66.90140845070422,72.22222222222223,103.72340425531914,62.11180124223602,82.6086956521739,92.85714285714286,78.62903225806451,55.55555555555555,58.064516129032256,101.64835164835165,0.0
123,48.99497487437186,24.86559139784946,75.20325203252033,59.09090909090909,79.62962962962963,57.80346820809248,59.880239520958085,73.52941176470588,49.18032786885246,50.0,62.5,71.42857142857143,67.85714285714286,115.85365853658537,144.92753623188406,188.67924528301884,109.6938775510204,80.35714285714286,76.43312101910828,58.108108108108105,75.6578947368421,55.4054054054054,59.78260869565218,87.78625954198472,95.98214285714286,93.47826086956522,21.06741573033708,41.469194312796205,50.0,53.16091954022989,55.714285714285715,73.07692307692308,99.48979591836734,130.0,82.66129032258065,85.58558558558558,110.79545454545456,125.0,67.70833333333333,78.94736842105263,97.36842105263158,0.0
124,65.0,33.273381294964025,71.70542635658914,86.95652173913044,94.29824561403508,53.76344086021505,80.0,107.5268817204301,81.77570093457945,61.111111111111114,86.53846153846153,103.44827586206897,87.1559633027523,186.27450980392157,169.4915254237288,232.55813953488374,143.33333333333334,85.22727272727272,123.6842105263158,65.625,92.74193548387096,62.5,72.14765100671141,103.6036036036036,88.70967741935485,122.15909090909089,24.35064935064935,52.71084337349397,109.58904109589041,52.63157894736842,87.05357142857143,126.66666666666667,116.07142857142857,103.72340425531914,90.7079646017699,81.25,75.39682539682539,185.18518518518516,108.33333333333333,121.62162162162161,110.11904761904762,0.0
