,Date,Symbol,Open,High,Low,Close,SP,Vol,OI
0,2016-12-29,S50M17P900,19.4,20.2,15.7,15.7,15.7,18,18.0
1,2016-12-30,S50M17P900,15.0,15.0,14.0,14.0,14.4,5,21.0
2,2017-01-04,S50M17P900,17.0,17.2,11.0,11.0,11.0,55,72.0
3,2017-01-05,S50M17P900,10.2,10.2,9.9,9.9,9.9,30,82.0
4,2017-01-06,S50M17P900,10.7,10.8,8.8,10.0,10.0,45,117.0
5,2017-01-09,S50M17P900,11.1,12.7,11.1,12.7,5.4,133,237.0
6,2017-01-10,S50M17P900,10.5,11.5,10.3,11.0,11.0,34,250.0
7,2017-01-11,S50M17P900,10.0,10.5,10.0,10.5,4.2,135,351.0
8,2017-01-12,S50M17P900,10.5,11.3,10.5,11.0,11.0,66,407.0
9,2017-01-13,S50M17P900,12.3,12.3,10.5,10.5,10.5,201,607.0
10,2017-01-16,S50M17P900,12.5,13.0,10.8,12.0,12.0,245,808.0
11,2017-01-17,S50M17P900,12.0,12.9,12.0,12.4,12.4,27,835.0
12,2017-01-18,S50M17P900,12.0,13.4,12.0,13.4,13.4,135,970.0
13,2017-01-19,S50M17P900,13.4,14.0,13.4,13.4,13.7,161,1130.0
14,2017-01-20,S50M17P900,14.0,14.0,12.5,12.5,12.5,25,1144.0
15,2017-01-23,S50M17P900,12.2,12.4,12.0,12.0,12.0,152,1276.0
16,2017-01-24,S50M17P900,10.5,10.6,10.0,10.0,10.0,50,1326.0
17,2017-01-25,S50M17P900,9.1,9.5,9.1,9.2,9.2,3,1328.0
18,2017-01-26,S50M17P900,7.2,7.6,7.2,7.5,7.5,10,1334.0
19,2017-01-27,S50M17P900,7.6,8.0,7.6,7.6,7.6,34,1334.0
20,2017-01-30,S50M17P900,8.0,8.4,7.7,8.0,8.0,247,1402.0
21,2017-01-31,S50M17P900,8.7,9.6,8.7,9.6,9.6,35,1436.0
22,2017-02-01,S50M17P900,9.7,9.9,9.6,9.7,9.7,75,1511.0
23,2017-02-02,S50M17P900,9.2,10.0,9.2,10.0,10.0,16,1527.0
24,2017-02-03,S50M17P900,10.0,10.0,7.3,7.3,7.5,59,1581.0
25,2017-02-06,S50M17P900,7.5,7.9,7.0,7.0,7.0,238,1724.0
26,2017-02-07,S50M17P900,7.0,8.0,7.0,8.0,8.0,244,1954.0
27,2017-02-08,S50M17P900,7.1,8.2,6.7,7.8,7.8,26,1966.0
28,2017-02-09,S50M17P900,6.9,8.3,6.9,8.3,8.3,2,1967.0
29,2017-02-10,S50M17P900,6.8,7.3,6.8,7.3,7.3,3,1969.0
30,2017-02-14,S50M17P900,6.3,8.2,6.3,8.2,8.2,237,2201.0
31,2017-02-15,S50M17P900,7.6,9.0,6.8,6.8,6.9,48,2239.0
32,2017-02-16,S50M17P900,8.0,9.0,6.4,6.4,6.7,113,2282.0
33,2017-02-17,S50M17P900,6.3,6.5,5.6,6.0,6.0,79,2331.0
34,2017-02-20,S50M17P900,6.1,6.9,5.4,5.4,5.4,40,2364.0
35,2017-02-21,S50M17P900,6.0,6.6,5.2,6.6,6.6,82,2446.0
36,2017-02-22,S50M17P900,6.1,6.7,5.0,6.7,5.9,82,2526.0
37,2017-02-23,S50M17P900,5.0,6.1,5.0,5.0,5.0,27,2528.0
38,2017-02-24,S50M17P900,5.5,5.5,5.2,5.5,5.5,53,2543.0
39,2017-02-27,S50M17P900,5.2,6.0,5.0,5.6,5.6,24,2563.0
40,2017-02-28,S50M17P900,4.3,5.3,4.3,5.3,5.3,17,2562.0
41,2017-03-01,S50M17P900,5.6,5.6,3.8,3.9,3.9,116,2652.0
42,2017-03-02,S50M17P900,4.1,4.1,3.4,3.8,3.8,80,2719.0
43,2017-03-03,S50M17P900,3.7,3.7,3.0,3.0,3.0,143,2727.0
44,2017-03-06,S50M17P900,3.6,3.6,3.0,3.1,3.1,55,2761.0
45,2017-03-07,S50M17P900,3.5,3.9,3.5,3.9,3.9,292,2968.0
46,2017-03-08,S50M17P900,3.4,3.9,3.0,3.0,3.0,67,3021.0
47,2017-03-09,S50M17P900,2.9,3.0,2.8,2.8,2.8,5,3025.0
48,2017-03-10,S50M17P900,2.9,3.5,2.9,3.1,3.1,32,3043.0
49,2017-03-13,S50M17P900,2.5,4.1,2.5,2.7,2.8,65,3090.0
50,2017-03-14,S50M17P900,2.8,2.9,2.1,2.6,2.8,44,3101.0
51,2017-03-15,S50M17P900,2.9,3.0,2.5,2.5,2.5,14,3100.0
52,2017-03-16,S50M17P900,2.1,2.3,2.0,2.3,2.3,147,3078.0
53,2017-03-17,S50M17P900,2.1,2.1,2.0,2.0,2.0,90,3109.0
54,2017-03-20,S50M17P900,2.4,2.4,1.6,2.0,2.0,33,3120.0
55,2017-03-21,S50M17P900,1.8,1.9,1.5,1.5,1.6,102,3090.0
56,2017-03-22,S50M17P900,1.7,1.7,1.6,1.6,1.6,180,3216.0
57,2017-03-23,S50M17P900,1.5,1.5,1.4,1.4,1.4,13,3215.0
58,2017-03-24,S50M17P900,1.1,1.2,1.1,1.1,1.1,29,3232.0
59,2017-03-27,S50M17P900,1.3,1.5,1.0,1.4,1.4,117,3228.0
60,2017-03-28,S50M17P900,1.1,1.3,0.9,1.0,1.0,107,3254.0
61,2017-03-29,S50M17P900,1.3,1.5,1.1,1.2,1.2,128,3320.0
62,2017-03-30,S50M17P900,1.2,1.2,1.2,1.2,1.2,2,3322.0
63,2017-03-31,S50M17P900,1.5,1.5,1.2,1.3,1.3,52,3342.0
64,2017-04-03,S50M17P900,1.1,1.3,1.0,1.1,1.1,41,3354.0
65,2017-04-04,S50M17P900,1.1,1.4,1.1,1.1,1.1,105,3384.0
66,2017-04-05,S50M17P900,1.2,1.3,0.8,0.8,0.8,232,3386.0
67,2017-04-07,S50M17P900,1.3,1.3,1.0,1.0,1.0,12,3386.0
68,2017-04-10,S50M17P900,1.0,1.2,0.8,0.8,0.8,25,3410.0
69,2017-04-11,S50M17P900,1.0,1.1,0.8,0.9,0.9,41,3411.0
70,2017-04-12,S50M17P900,0.7,1.0,0.7,0.9,0.9,161,3570.0
71,2017-04-17,S50M17P900,1.1,1.2,1.1,1.2,1.2,64,3590.0
72,2017-04-18,S50M17P900,1.1,1.2,1.0,1.1,1.1,38,3599.0
73,2017-04-19,S50M17P900,1.1,1.2,1.0,1.2,1.2,64,3603.0
74,2017-04-20,S50M17P900,1.1,1.1,1.0,1.1,1.1,360,3911.0
75,2017-04-21,S50M17P900,1.1,1.2,1.0,1.0,1.0,7,3914.0
76,2017-04-24,S50M17P900,0.9,0.9,0.9,0.9,0.9,28,3938.0
77,2017-04-25,S50M17P900,0.9,0.9,0.7,0.7,0.7,101,4037.0
78,2017-04-26,S50M17P900,0.7,0.7,0.6,0.7,0.7,34,4055.0
79,2017-04-27,S50M17P900,0.7,0.7,0.7,0.7,0.7,1,4054.0
80,2017-04-28,S50M17P900,0.8,0.9,0.7,0.7,0.7,15,4058.0
81,2017-05-02,S50M17P900,0,0,0,0,0.1,0,4058.0
82,2017-05-03,S50M17P900,0.8,0.8,0.8,0.8,0.8,5,4063.0
83,2017-05-04,S50M17P900,0.7,0.7,0.7,0.7,0.7,8,4066.0
84,2017-05-05,S50M17P900,0,0,0,0,0.1,0,4066.0
85,2017-05-08,S50M17P900,0.6,0.6,0.6,0.6,0.6,56,4077.0
86,2017-05-09,S50M17P900,0.6,0.6,0.6,0.6,0.6,1,4077.0
87,2017-05-11,S50M17P900,0.8,0.8,0.5,0.5,0.5,6,4083.0
88,2017-05-12,S50M17P900,0.7,0.7,0.6,0.7,0.7,35,4102.0
89,2017-05-15,S50M17P900,0.6,0.7,0.6,0.7,0.7,44,4082.0
90,2017-05-16,S50M17P900,0.6,0.6,0.6,0.6,0.6,12,4081.0
91,2017-05-17,S50M17P900,0.5,0.5,0.5,0.5,0.5,14,4079.0
92,2017-05-18,S50M17P900,0.6,0.6,0.6,0.6,0.6,4,4079.0
93,2017-05-19,S50M17P900,0.6,0.7,0.6,0.6,0.6,543,4039.0
94,2017-05-22,S50M17P900,0.5,0.5,0.5,0.5,0.5,9,4039.0
95,2017-05-23,S50M17P900,0.5,0.6,0.5,0.6,0.6,13,4049.0
96,2017-05-24,S50M17P900,0.4,0.4,0.4,0.4,0.4,15,4064.0
97,2017-05-25,S50M17P900,0.4,0.4,0.4,0.4,0.4,137,4071.0
98,2017-05-26,S50M17P900,0,0,0,0,0.1,0,4071.0
99,2017-05-29,S50M17P900,0.3,0.5,0.3,0.5,0.5,9,4076.0
100,2017-05-30,S50M17P900,0.3,0.3,0.3,0.3,0.3,6,4076.0
101,2017-05-31,S50M17P900,0.5,0.5,0.5,0.5,0.5,8,4068.0
102,2017-06-01,S50M17P900,0,0,0,0,0.1,0,4068.0
103,2017-06-02,S50M17P900,0,0,0,0,0.1,0,4068.0
104,2017-06-05,S50M17P900,0,0,0,0,0.1,0,4068.0
105,2017-06-06,S50M17P900,0.3,0.3,0.3,0.3,0.3,130,4068.0
106,2017-06-07,S50M17P900,0.2,0.2,0.2,0.2,0.2,110,4078.0
107,2017-06-08,S50M17P900,0,0,0,0,0.1,0,4078.0
108,2017-06-09,S50M17P900,0,0,0,0,0.1,0,4078.0
109,2017-06-12,S50M17P900,0,0,0,0,0.1,0,4078.0
110,2017-06-13,S50M17P900,0,0,0,0,0.1,0,4078.0
111,2017-06-14,S50M17P900,0,0,0,0,0.1,0,4078.0
112,2017-06-15,S50M17P900,0.2,0.2,0.2,0.2,0.2,5,4077.0
113,2017-06-16,S50M17P900,0.1,0.1,0.1,0.1,0.1,61,4102.0
114,2017-06-19,S50M17P900,0.1,0.1,0.1,0.1,0.1,13,4089.0
115,2017-06-20,S50M17P900,0.1,0.1,0.1,0.1,0.1,386,4048.0
116,2017-06-21,S50M17P900,0,0,0,0,0.1,0,4048.0
117,2017-06-22,S50M17P900,0,0,0,0,0.1,0,4048.0
118,2017-06-23,S50M17P900,0.1,0.1,0.1,0.1,0.1,261,4057.0
119,2017-06-26,S50M17P900,0,0,0,0,0.1,0,4057.0
120,2017-06-27,S50M17P900,0,0,0,0,0.1,0,4057.0
121,2017-06-28,S50M17P900,0,0,0,0,0.1,0,4057.0
122,2017-06-29,S50M17P900,0,0,0,0,995.1,0,4057.0
123,2016-12-29,S50M17P925,26.1,26.1,23.1,23.1,14.2,10,10.0
124,2016-12-30,S50M17P925,22.9,22.9,21.8,21.8,21.8,31,41.0
125,2017-01-04,S50M17P925,20.5,20.5,15.7,15.7,15.7,95,124.0
126,2017-01-05,S50M17P925,15.0,15.0,15.0,15.0,15.0,50,154.0
127,2017-01-06,S50M17P925,16.0,16.0,13.5,13.5,13.6,38,192.0
128,2017-01-09,S50M17P925,15.3,17.3,15.3,16.1,10.6,137,267.0
129,2017-01-10,S50M17P925,15.1,15.5,14.0,15.5,9.1,35,301.0
130,2017-01-11,S50M17P925,14.3,14.5,14.0,14.2,14.5,11,312.0
131,2017-01-12,S50M17P925,15.0,15.8,14.9,15.4,15.4,11,319.0
132,2017-01-13,S50M17P925,16.5,17.2,15.1,15.1,15.1,158,412.0
133,2017-01-16,S50M17P925,15.8,19.1,15.0,15.0,15.0,320,500.0
134,2017-01-17,S50M17P925,16.3,17.5,15.8,17.5,17.5,47,538.0
135,2017-01-18,S50M17P925,17.0,18.6,17.0,18.6,18.6,59,567.0
136,2017-01-19,S50M17P925,18.7,20.0,18.7,19.8,8.4,18,584.0
137,2017-01-20,S50M17P925,19.2,19.2,19.2,19.2,7.2,4,588.0
138,2017-01-23,S50M17P925,17.1,18.5,17.1,17.6,6.0,50,637.0
139,2017-01-24,S50M17P925,15.6,15.7,14.9,14.9,5.1,26,663.0
140,2017-01-25,S50M17P925,13.7,14.3,13.1,13.5,13.5,21,681.0
141,2017-01-26,S50M17P925,10.8,12.0,10.6,11.7,11.7,25,694.0
142,2017-01-27,S50M17P925,11.8,13.2,11.8,11.8,11.8,22,685.0
143,2017-01-30,S50M17P925,12.0,12.2,11.6,11.7,11.7,54,720.0
144,2017-01-31,S50M17P925,13.0,14.0,13.0,13.9,13.9,254,894.0
145,2017-02-01,S50M17P925,14.6,15.0,13.7,14.3,14.3,48,942.0
146,2017-02-02,S50M17P925,13.2,14.3,13.2,14.3,14.3,6,948.0
147,2017-02-03,S50M17P925,13.8,13.8,11.7,11.7,11.7,65,949.0
148,2017-02-06,S50M17P925,10.5,12.2,10.5,11.2,11.2,100,956.0
149,2017-02-07,S50M17P925,11.8,12.2,11.0,11.8,11.8,61,963.0
150,2017-02-08,S50M17P925,11.2,11.5,10.5,10.6,10.6,91,1024.0
151,2017-02-09,S50M17P925,10.1,11.6,10.0,11.6,11.6,105,1085.0
152,2017-02-10,S50M17P925,10.5,11.3,10.5,10.7,10.7,91,1157.0
153,2017-02-14,S50M17P925,9.6,13.0,9.6,13.0,13.0,41,1193.0
154,2017-02-15,S50M17P925,12.1,13.5,11.1,11.1,11.1,87,1163.0
155,2017-02-16,S50M17P925,11.5,11.5,10.6,10.6,11.0,122,1142.0
156,2017-02-17,S50M17P925,9.6,10.2,9.6,10.0,10.0,107,1231.0
157,2017-02-20,S50M17P925,9.0,10.0,8.6,8.6,8.6,101,1290.0
158,2017-02-21,S50M17P925,10.2,11.0,9.2,11.0,10.3,135,1414.0
159,2017-02-22,S50M17P925,8.9,10.4,8.9,8.9,8.9,28,1425.0
160,2017-02-23,S50M17P925,9.0,9.4,8.8,8.9,8.9,201,1578.0
161,2017-02-24,S50M17P925,8.9,9.6,8.8,9.6,9.6,8,1586.0
162,2017-02-27,S50M17P925,9.3,9.7,9.2,9.2,9.2,16,1593.0
163,2017-02-28,S50M17P925,9.0,9.0,7.9,8.7,8.7,38,1629.0
164,2017-03-01,S50M17P925,7.7,7.7,5.5,6.7,6.7,90,1696.0
165,2017-03-02,S50M17P925,6.6,6.6,5.0,5.3,5.2,143,1782.0
166,2017-03-03,S50M17P925,6.0,6.5,4.9,5.4,5.4,301,2011.0
167,2017-03-06,S50M17P925,4.6,6.0,4.6,5.8,5.5,230,2217.0
168,2017-03-07,S50M17P925,5.4,6.5,5.2,6.2,6.2,377,2447.0
169,2017-03-08,S50M17P925,6.3,6.9,4.3,5.8,5.3,139,2548.0
170,2017-03-09,S50M17P925,4.3,5.6,4.3,4.8,5.0,152,2638.0
171,2017-03-10,S50M17P925,5.2,5.7,4.8,5.0,5.3,126,2746.0
172,2017-03-13,S50M17P925,5.4,5.6,4.7,5.2,5.2,172,2834.0
173,2017-03-14,S50M17P925,5.0,5.4,4.0,4.9,4.5,174,2921.0
174,2017-03-15,S50M17P925,4.6,4.7,4.0,4.6,4.5,71,2984.0
175,2017-03-16,S50M17P925,4.0,4.0,3.0,3.2,3.2,200,3095.0
176,2017-03-17,S50M17P925,3.3,3.4,2.6,2.6,2.6,56,3136.0
177,2017-03-20,S50M17P925,2.6,3.1,1.4,2.9,2.9,186,3041.0
178,2017-03-21,S50M17P925,2.6,2.8,2.0,2.4,2.4,30,3040.0
179,2017-03-22,S50M17P925,2.5,2.6,2.4,2.4,2.4,205,3165.0
180,2017-03-23,S50M17P925,1.9,2.2,1.7,1.7,1.9,385,3208.0
181,2017-03-24,S50M17P925,1.8,2.0,1.7,1.9,1.8,128,3218.0
182,2017-03-27,S50M17P925,2.2,2.4,1.8,2.0,2.0,243,3134.0
183,2017-03-28,S50M17P925,2.2,2.2,1.6,1.8,1.8,117,3052.0
184,2017-03-29,S50M17P925,1.9,2.4,1.6,2.2,2.2,346,3231.0
185,2017-03-30,S50M17P925,1.9,2.6,1.9,2.1,2.1,287,3365.0
186,2017-03-31,S50M17P925,2.1,2.9,2.0,2.2,2.2,508,3652.0
187,2017-04-03,S50M17P925,2.2,2.7,2.1,2.2,2.2,156,3754.0
188,2017-04-04,S50M17P925,2.4,2.5,2.0,2.1,2.1,240,3829.0
189,2017-04-05,S50M17P925,1.7,2.0,1.6,1.6,1.6,196,3829.0
190,2017-04-07,S50M17P925,2.0,2.0,1.6,1.6,1.6,61,3862.0
191,2017-04-10,S50M17P925,1.4,2.0,1.4,1.5,1.5,57,3879.0
192,2017-04-11,S50M17P925,1.4,1.7,1.2,1.3,1.3,149,3794.0
193,2017-04-12,S50M17P925,1.5,1.5,1.1,1.2,1.2,245,3764.0
194,2017-04-17,S50M17P925,1.2,2.0,1.1,1.9,1.9,93,3726.0
195,2017-04-18,S50M17P925,1.8,1.9,1.8,1.8,1.8,129,3726.0
196,2017-04-19,S50M17P925,1.8,2.0,1.7,1.9,1.9,99,3798.0
197,2017-04-20,S50M17P925,2.0,2.0,1.8,1.8,1.8,161,3833.0
198,2017-04-21,S50M17P925,1.6,1.7,1.6,1.7,1.7,7,3832.0
199,2017-04-24,S50M17P925,1.3,1.5,1.3,1.5,1.5,27,3834.0
200,2017-04-25,S50M17P925,1.5,1.8,1.5,1.5,1.7,279,4088.0
201,2017-04-26,S50M17P925,1.8,1.8,1.4,1.4,1.4,50,4075.0
202,2017-04-27,S50M17P925,1.2,1.4,1.2,1.4,1.4,10,4081.0
203,2017-04-28,S50M17P925,1.4,1.5,1.3,1.3,1.3,15,4092.0
204,2017-05-02,S50M17P925,1.3,1.3,1.2,1.2,1.2,192,4093.0
205,2017-05-03,S50M17P925,1.2,1.2,1.0,1.1,1.1,70,4131.0
206,2017-05-04,S50M17P925,1.1,1.1,0.9,1.0,1.0,33,4151.0
207,2017-05-05,S50M17P925,1.0,1.0,1.0,1.0,1.0,3,4149.0
208,2017-05-08,S50M17P925,1.0,1.0,0.9,0.9,0.9,11,4144.0
209,2017-05-09,S50M17P925,0.8,1.0,0.8,0.9,0.9,64,4150.0
210,2017-05-11,S50M17P925,0.9,1.0,0.8,0.9,0.9,103,4202.0
211,2017-05-12,S50M17P925,0.8,1.0,0.8,1.0,1.0,304,4095.0
212,2017-05-15,S50M17P925,1.0,1.0,0.9,1.0,1.0,60,4119.0
213,2017-05-16,S50M17P925,0.9,0.9,0.8,0.8,0.8,33,4127.0
214,2017-05-17,S50M17P925,0.8,0.8,0.7,0.8,0.8,113,4108.0
215,2017-05-18,S50M17P925,0.9,0.9,0.8,0.8,0.8,53,4129.0
216,2017-05-19,S50M17P925,0.8,0.8,0.7,0.7,0.7,78,4065.0
217,2017-05-22,S50M17P925,0.6,0.8,0.6,0.7,0.7,20,4059.0
218,2017-05-23,S50M17P925,0.6,0.6,0.6,0.6,0.6,95,3993.0
219,2017-05-24,S50M17P925,0.5,0.6,0.5,0.5,0.5,57,3991.0
220,2017-05-25,S50M17P925,0.5,0.6,0.5,0.6,0.6,17,3976.0
221,2017-05-26,S50M17P925,0.5,0.5,0.5,0.5,0.5,46,3930.0
222,2017-05-29,S50M17P925,0.5,0.6,0.5,0.6,0.6,22,3908.0
223,2017-05-30,S50M17P925,0.5,0.6,0.5,0.5,0.5,57,3853.0
224,2017-05-31,S50M17P925,0.4,0.6,0.4,0.6,0.6,132,3788.0
225,2017-06-01,S50M17P925,0.5,0.6,0.5,0.6,0.6,4,3784.0
226,2017-06-02,S50M17P925,0.5,0.5,0.4,0.4,0.4,52,3785.0
227,2017-06-05,S50M17P925,0.4,0.5,0.3,0.3,0.3,13,3784.0
228,2017-06-06,S50M17P925,0.4,0.5,0.4,0.5,0.5,72,3784.0
229,2017-06-07,S50M17P925,0.5,0.5,0.2,0.3,0.3,26,3784.0
230,2017-06-08,S50M17P925,0.5,0.5,0.5,0.5,0.5,7,3784.0
231,2017-06-09,S50M17P925,0.3,0.3,0.2,0.2,0.2,63,3734.0
232,2017-06-12,S50M17P925,0.3,0.3,0.3,0.3,0.3,108,3724.0
233,2017-06-13,S50M17P925,0.2,0.2,0.2,0.2,0.2,41,3704.0
234,2017-06-14,S50M17P925,0.2,0.2,0.2,0.2,0.2,104,3703.0
235,2017-06-15,S50M17P925,0.3,0.3,0.3,0.3,0.3,28,3700.0
236,2017-06-16,S50M17P925,0.1,0.2,0.1,0.1,0.1,74,3680.0
237,2017-06-19,S50M17P925,0.1,0.1,0.1,0.1,0.1,90,3665.0
238,2017-06-20,S50M17P925,0.1,0.1,0.1,0.1,0.1,131,3665.0
239,2017-06-21,S50M17P925,0.1,0.4,0.1,0.4,0.1,74,3665.0
240,2017-06-22,S50M17P925,0,0,0,0,0.1,0,3665.0
241,2017-06-23,S50M17P925,0.1,0.1,0.1,0.1,0.1,500,3527.0
242,2017-06-26,S50M17P925,0,0,0,0,0.1,0,3527.0
243,2017-06-27,S50M17P925,0.1,0.1,0.1,0.1,0.1,3,3527.0
244,2017-06-28,S50M17P925,0,0,0,0,0.1,0,3527.0
245,2017-06-29,S50M17P925,0,0,0,0,995.1,0,3527.0
246,2016-12-29,S50M17P950,43.0,43.0,37.6,37.6,24.5,156,156.0
247,2016-12-30,S50M17P950,33.0,33.7,32.9,33.4,33.1,22,178.0
248,2017-01-04,S50M17P950,33.3,33.3,23.3,23.3,23.8,131,307.0
249,2017-01-05,S50M17P950,24.0,26.0,22.0,22.0,22.0,102,393.0
250,2017-01-06,S50M17P950,23.3,23.6,21.2,21.2,17.5,39,393.0
251,2017-01-09,S50M17P950,23.1,24.1,23.1,23.7,18.8,95,414.0
252,2017-01-10,S50M17P950,22.1,24.0,21.7,21.7,16.5,13,427.0
253,2017-01-11,S50M17P950,21.1,22.0,20.4,22.0,22.0,137,513.0
254,2017-01-12,S50M17P950,20.6,21.4,20.6,21.4,16.3,11,524.0
255,2017-01-13,S50M17P950,22.8,22.8,21.8,21.8,21.8,11,535.0
256,2017-01-16,S50M17P950,23.0,23.3,22.8,23.3,23.3,14,548.0
257,2017-01-17,S50M17P950,23.0,25.0,23.0,25.0,25.0,32,580.0
258,2017-01-18,S50M17P950,24.0,28.0,23.8,25.9,25.9,148,728.0
259,2017-01-19,S50M17P950,27.4,27.4,27.4,27.4,16.9,1,729.0
260,2017-01-20,S50M17P950,27.4,27.4,25.5,25.6,25.6,13,740.0
261,2017-01-23,S50M17P950,26.7,26.7,26.7,26.7,13.1,1,740.0
262,2017-01-24,S50M17P950,21.4,21.7,21.2,21.2,11.3,26,766.0
263,2017-01-25,S50M17P950,20.0,20.0,18.6,18.7,18.7,44,809.0
264,2017-01-26,S50M17P950,15.7,16.7,15.7,16.3,16.3,13,815.0
265,2017-01-27,S50M17P950,17.0,17.0,16.4,16.4,16.4,47,803.0
266,2017-01-30,S50M17P950,16.4,17.4,16.3,16.3,16.3,287,866.0
267,2017-01-31,S50M17P950,15.0,19.7,15.0,19.7,19.8,81,936.0
268,2017-02-01,S50M17P950,20.7,21.6,19.7,21.3,21.0,29,945.0
269,2017-02-02,S50M17P950,20.1,20.8,19.8,19.8,11.0,19,947.0
270,2017-02-03,S50M17P950,21.0,21.0,17.0,17.0,17.1,85,1010.0
271,2017-02-06,S50M17P950,15.7,17.0,15.7,16.1,16.1,72,1038.0
272,2017-02-07,S50M17P950,16.5,17.8,16.0,17.2,17.2,39,1062.0
273,2017-02-08,S50M17P950,16.5,16.9,15.6,15.8,15.8,71,1106.0
274,2017-02-09,S50M17P950,15.2,18.0,14.8,18.0,18.0,42,1138.0
275,2017-02-10,S50M17P950,15.7,17.1,15.7,17.0,17.0,64,1164.0
276,2017-02-14,S50M17P950,15.8,19.0,15.8,18.8,18.8,96,1234.0
277,2017-02-15,S50M17P950,18.8,20.3,17.4,17.4,17.4,59,1256.0
278,2017-02-16,S50M17P950,18.6,18.6,16.7,16.9,16.9,21,1252.0
279,2017-02-17,S50M17P950,15.0,16.3,14.2,15.5,15.5,64,1269.0
280,2017-02-20,S50M17P950,15.5,15.9,14.0,14.3,14.3,218,1459.0
281,2017-02-21,S50M17P950,13.9,16.2,13.9,16.1,16.1,150,1571.0
282,2017-02-22,S50M17P950,16.3,17.0,13.9,15.0,14.5,78,1617.0
283,2017-02-23,S50M17P950,15.0,15.8,14.4,15.4,15.0,178,1719.0
284,2017-02-24,S50M17P950,16.0,16.0,14.0,15.0,15.6,137,1787.0
285,2017-02-27,S50M17P950,17.0,17.0,15.3,16.2,16.2,118,1864.0
286,2017-02-28,S50M17P950,14.4,15.7,14.0,15.3,15.3,23,1872.0
287,2017-03-01,S50M17P950,14.7,14.7,12.0,13.3,12.4,33,1863.0
288,2017-03-02,S50M17P950,15.0,15.0,10.4,11.4,11.0,252,2055.0
289,2017-03-03,S50M17P950,11.0,13.8,10.6,12.3,11.5,312,2140.0
290,2017-03-06,S50M17P950,12.7,12.7,11.0,12.3,12.3,134,2255.0
291,2017-03-07,S50M17P950,11.3,13.2,11.3,13.2,13.0,229,2388.0
292,2017-03-08,S50M17P950,12.0,14.0,9.5,9.5,9.5,246,2477.0
293,2017-03-09,S50M17P950,11.6,11.6,9.6,9.9,10.4,113,2539.0
294,2017-03-10,S50M17P950,10.5,11.8,10.5,11.7,11.0,173,2664.0
295,2017-03-13,S50M17P950,12.5,12.8,10.1,12.2,11.1,151,2715.0
296,2017-03-14,S50M17P950,11.8,11.8,9.8,10.5,10.0,273,2716.0
297,2017-03-15,S50M17P950,10.8,10.8,9.5,9.9,9.6,134,2711.0
298,2017-03-16,S50M17P950,8.3,8.3,6.9,7.1,7.1,330,2637.0
299,2017-03-17,S50M17P950,6.5,7.1,5.8,6.4,6.4,153,2717.0
300,2017-03-20,S50M17P950,5.5,6.0,5.2,5.7,5.7,321,2924.0
301,2017-03-21,S50M17P950,5.3,5.7,4.0,4.5,4.5,99,2991.0
302,2017-03-22,S50M17P950,5.3,5.5,4.5,4.5,4.5,360,3318.0
303,2017-03-23,S50M17P950,4.5,4.5,3.5,3.5,3.8,340,3372.0
304,2017-03-24,S50M17P950,3.8,3.9,2.5,3.3,3.3,239,3556.0
305,2017-03-27,S50M17P950,2.8,3.7,2.8,3.5,3.4,340,3538.0
306,2017-03-28,S50M17P950,2.9,3.0,2.5,2.7,2.7,347,3573.0
307,2017-03-29,S50M17P950,3.0,3.5,2.8,3.5,3.5,208,3641.0
308,2017-03-30,S50M17P950,3.5,3.7,2.9,3.4,3.0,304,3702.0
309,2017-03-31,S50M17P950,3.5,3.9,3.0,3.7,3.7,225,3780.0
310,2017-04-03,S50M17P950,3.7,4.2,3.4,4.0,3.8,259,3828.0
311,2017-04-04,S50M17P950,3.2,3.9,3.1,3.7,3.3,218,3974.0
312,2017-04-05,S50M17P950,3.0,3.3,3.0,3.0,3.1,264,3989.0
313,2017-04-07,S50M17P950,3.2,3.7,2.9,3.0,2.9,255,4038.0
314,2017-04-10,S50M17P950,2.9,3.3,2.7,2.8,2.8,89,4067.0
315,2017-04-11,S50M17P950,2.7,2.9,2.0,2.0,2.0,421,4024.0
316,2017-04-12,S50M17P950,2.8,2.8,1.8,1.9,1.9,780,4222.0
317,2017-04-17,S50M17P950,2.3,2.8,1.9,2.4,2.4,448,4507.0
318,2017-04-18,S50M17P950,2.0,3.0,2.0,2.8,2.8,522,4753.0
319,2017-04-19,S50M17P950,3.5,3.5,2.8,3.3,3.3,142,4791.0
320,2017-04-20,S50M17P950,3.2,3.2,2.8,3.1,3.1,133,4764.0
321,2017-04-21,S50M17P950,2.8,3.2,2.6,2.7,2.9,143,4813.0
322,2017-04-24,S50M17P950,2.6,3.0,2.4,2.8,2.9,144,4946.0
323,2017-04-25,S50M17P950,2.8,3.5,2.5,3.1,3.0,274,5024.0
324,2017-04-26,S50M17P950,2.5,3.3,2.3,2.3,2.3,85,5006.0
325,2017-04-27,S50M17P950,2.4,2.5,2.1,2.3,2.3,61,5034.0
326,2017-04-28,S50M17P950,2.3,2.8,2.3,2.8,2.8,21,5051.0
327,2017-05-02,S50M17P950,2.5,2.6,2.1,2.6,2.5,283,5171.0
328,2017-05-03,S50M17P950,2.2,2.3,2.0,2.3,2.0,178,5270.0
329,2017-05-04,S50M17P950,1.9,2.0,1.8,1.9,1.9,178,5200.0
330,2017-05-05,S50M17P950,2.0,2.0,1.8,1.9,1.9,63,5203.0
331,2017-05-08,S50M17P950,1.8,1.8,1.3,1.7,1.7,61,5181.0
332,2017-05-09,S50M17P950,1.6,1.9,1.4,1.9,1.9,110,5253.0
333,2017-05-11,S50M17P950,1.9,2.0,1.8,2.0,2.0,198,5427.0
334,2017-05-12,S50M17P950,2.1,2.8,1.9,2.5,2.5,590,5571.0
335,2017-05-15,S50M17P950,2.5,2.8,2.0,2.1,2.1,362,5580.0
336,2017-05-16,S50M17P950,1.9,2.3,1.7,1.7,1.7,76,5606.0
337,2017-05-17,S50M17P950,1.6,2.1,1.6,2.1,2.1,160,5624.0
338,2017-05-18,S50M17P950,2.2,2.8,2.0,2.2,2.2,150,5683.0
339,2017-05-19,S50M17P950,1.9,2.1,1.9,2.0,2.0,217,5590.0
340,2017-05-22,S50M17P950,1.4,1.4,1.2,1.3,1.3,207,5620.0
341,2017-05-23,S50M17P950,1.3,1.3,1.2,1.3,1.3,36,5615.0
342,2017-05-24,S50M17P950,1.1,1.3,1.1,1.3,1.3,58,5603.0
343,2017-05-25,S50M17P950,1.1,1.1,0.9,1.1,1.0,112,5521.0
344,2017-05-26,S50M17P950,1.0,2.0,1.0,1.4,1.4,190,5478.0
345,2017-05-29,S50M17P950,1.2,1.2,0.9,1.2,1.2,67,5461.0
346,2017-05-30,S50M17P950,0.9,1.1,0.9,1.1,1.0,19,5456.0
347,2017-05-31,S50M17P950,0.9,1.5,0.8,1.5,1.5,254,5522.0
348,2017-06-01,S50M17P950,1.2,1.2,1.0,1.1,1.1,56,5575.0
349,2017-06-02,S50M17P950,0.9,1.0,0.9,1.0,1.0,13,5567.0
350,2017-06-05,S50M17P950,0.8,1.0,0.8,1.0,0.9,238,5358.0
351,2017-06-06,S50M17P950,0.8,1.0,0.6,0.6,0.6,86,5337.0
352,2017-06-07,S50M17P950,0.7,0.7,0.7,0.7,0.7,24,5336.0
353,2017-06-08,S50M17P950,0.7,0.7,0.4,0.4,0.4,158,5232.0
354,2017-06-09,S50M17P950,0.5,0.6,0.4,0.6,0.4,34,5233.0
355,2017-06-12,S50M17P950,0.4,0.6,0.3,0.6,0.6,148,5145.0
356,2017-06-13,S50M17P950,0.5,0.6,0.3,0.3,0.3,61,5102.0
357,2017-06-14,S50M17P950,0.4,0.4,0.2,0.3,0.3,173,4953.0
358,2017-06-15,S50M17P950,0.3,0.4,0.3,0.4,0.4,149,4847.0
359,2017-06-16,S50M17P950,0.4,0.4,0.2,0.2,0.2,25,4846.0
360,2017-06-19,S50M17P950,0.1,0.2,0.1,0.1,0.1,219,4651.0
361,2017-06-20,S50M17P950,0.1,0.1,0.1,0.1,0.1,112,4559.0
362,2017-06-21,S50M17P950,0.1,0.1,0.1,0.1,0.1,48,4511.0
363,2017-06-22,S50M17P950,0,0,0,0,0.1,0,4511.0
364,2017-06-23,S50M17P950,0,0,0,0,0.1,0,4511.0
365,2017-06-26,S50M17P950,0,0,0,0,0.1,0,4511.0
366,2017-06-27,S50M17P950,0.1,0.1,0.1,0.1,0.1,20,4491.0
367,2017-06-28,S50M17P950,0,0,0,0,0.1,0,4491.0
368,2017-06-29,S50M17P950,0,0,0,0,995.1,0,4491.0
369,2016-12-29,S50M17P975,56.8,56.8,49.8,49.8,38.5,25,25.0
370,2016-12-30,S50M17P975,42.5,45.0,41.0,44.1,44.1,19,39.0
371,2017-01-04,S50M17P975,40.4,40.4,33.0,33.0,33.0,49,79.0
372,2017-01-05,S50M17P975,32.1,33.0,32.0,32.2,32.2,29,106.0
373,2017-01-06,S50M17P975,33.9,34.0,29.0,30.0,31.0,94,179.0
374,2017-01-09,S50M17P975,34.0,34.0,32.5,34.0,34.0,103,282.0
375,2017-01-10,S50M17P975,33.8,33.8,32.9,33.0,33.0,4,285.0
376,2017-01-11,S50M17P975,33.0,33.0,31.0,32.5,27.1,15,297.0
377,2017-01-12,S50M17P975,29.0,30.1,29.0,30.1,33.0,16,301.0
378,2017-01-13,S50M17P975,33.1,33.1,33.1,33.1,33.1,1,301.0
379,2017-01-16,S50M17P975,34.0,34.0,32.3,32.3,32.3,7,302.0
380,2017-01-17,S50M17P975,0,0,0,0,26.5,0,302.0
381,2017-01-18,S50M17P975,33.5,36.0,33.5,36.0,36.0,8,301.0
382,2017-01-19,S50M17P975,39.8,39.8,38.2,38.5,38.4,19,315.0
383,2017-01-20,S50M17P975,36.0,36.0,36.0,36.0,36.0,4,315.0
384,2017-01-23,S50M17P975,0,0,0,0,24.5,0,315.0
385,2017-01-24,S50M17P975,31.9,31.9,31.2,31.2,21.4,9,315.0
386,2017-01-25,S50M17P975,27.9,28.4,27.9,28.4,28.4,9,315.0
387,2017-01-26,S50M17P975,24.3,25.2,22.9,25.0,16.1,53,300.0
388,2017-01-27,S50M17P975,25.0,25.7,24.9,25.7,25.7,8,300.0
389,2017-01-30,S50M17P975,24.5,24.5,24.5,24.5,24.5,1,301.0
390,2017-01-31,S50M17P975,26.4,29.0,26.4,28.1,28.1,15,301.0
391,2017-02-01,S50M17P975,29.2,32.5,28.3,29.9,29.9,7,301.0
392,2017-02-02,S50M17P975,30.8,30.8,30.8,30.8,21.2,1,301.0
393,2017-02-03,S50M17P975,30.3,31.0,25.5,25.5,25.5,19,306.0
394,2017-02-06,S50M17P975,27.1,27.1,23.4,23.5,23.5,37,336.0
395,2017-02-07,S50M17P975,24.7,26.5,23.9,25.7,25.7,232,475.0
396,2017-02-08,S50M17P975,25.9,25.9,23.4,23.4,23.4,19,494.0
397,2017-02-09,S50M17P975,23.1,26.0,23.1,26.0,26.0,23,503.0
398,2017-02-10,S50M17P975,23.8,25.8,23.8,25.5,25.5,32,533.0
399,2017-02-14,S50M17P975,23.8,30.0,23.8,28.9,28.9,13,545.0
400,2017-02-15,S50M17P975,29.0,30.0,26.4,26.4,26.4,8,552.0
401,2017-02-16,S50M17P975,26.0,27.0,25.6,25.6,25.6,7,555.0
402,2017-02-17,S50M17P975,23.6,25.0,22.7,25.0,25.0,155,666.0
403,2017-02-20,S50M17P975,22.3,24.9,22.3,22.7,22.7,47,694.0
404,2017-02-21,S50M17P975,25.7,28.9,23.4,28.9,28.9,42,725.0
405,2017-02-22,S50M17P975,23.9,25.0,23.2,25.0,24.4,7,731.0
406,2017-02-23,S50M17P975,24.1,26.0,24.1,26.0,26.0,41,750.0
407,2017-02-24,S50M17P975,25.6,28.0,25.3,27.0,27.0,10,753.0
408,2017-02-27,S50M17P975,27.2,29.0,26.3,26.6,26.6,35,756.0
409,2017-02-28,S50M17P975,25.1,26.0,23.8,26.0,24.6,108,844.0
410,2017-03-01,S50M17P975,23.8,23.8,20.4,21.0,21.0,112,814.0
411,2017-03-02,S50M17P975,18.4,20.5,18.3,20.5,20.2,181,802.0
412,2017-03-03,S50M17P975,20.6,20.6,18.3,20.5,20.5,44,838.0
413,2017-03-06,S50M17P975,23.8,24.2,21.0,23.0,23.0,147,867.0
414,2017-03-07,S50M17P975,23.5,24.3,21.5,24.3,24.3,25,882.0
415,2017-03-08,S50M17P975,25.0,27.5,20.1,20.5,20.5,93,835.0
416,2017-03-09,S50M17P975,19.0,22.5,19.0,20.8,21.0,79,878.0
417,2017-03-10,S50M17P975,20.8,23.2,20.8,22.6,22.6,50,900.0
418,2017-03-13,S50M17P975,24.5,221.0,21.2,22.0,21.8,109,933.0
419,2017-03-14,S50M17P975,22.0,22.0,19.6,20.9,19.8,80,961.0
420,2017-03-15,S50M17P975,20.0,21.0,19.5,19.5,19.6,61,991.0
421,2017-03-16,S50M17P975,18.2,18.2,13.9,13.9,13.9,167,1082.0
422,2017-03-17,S50M17P975,13.6,14.5,12.3,12.7,12.4,253,1258.0
423,2017-03-20,S50M17P975,11.2,13.0,11.2,12.9,12.8,278,1450.0
424,2017-03-21,S50M17P975,12.8,12.8,9.6,10.5,9.8,177,1573.0
425,2017-03-22,S50M17P975,11.8,12.7,10.9,10.9,10.9,158,1643.0
426,2017-03-23,S50M17P975,11.4,11.4,9.0,9.0,9.6,294,1777.0
427,2017-03-24,S50M17P975,10.0,10.0,7.4,7.9,7.9,201,1864.0
428,2017-03-27,S50M17P975,7.9,8.7,7.6,7.6,7.7,191,1940.0
429,2017-03-28,S50M17P975,7.8,7.8,6.3,6.7,6.7,274,1969.0
430,2017-03-29,S50M17P975,6.5,6.9,6.2,6.7,6.7,142,2009.0
431,2017-03-30,S50M17P975,7.0,7.4,6.0,6.7,6.7,317,2149.0
432,2017-03-31,S50M17P975,7.0,9.0,6.0,8.8,8.9,961,2783.0
433,2017-04-03,S50M17P975,9.0,9.0,7.9,8.7,8.3,1644,3735.0
434,2017-04-04,S50M17P975,8.0,8.6,6.9,7.5,7.4,767,4106.0
435,2017-04-05,S50M17P975,6.6,7.3,6.1,6.5,6.5,691,4118.0
436,2017-04-07,S50M17P975,7.3,7.3,6.2,6.3,6.3,211,4217.0
437,2017-04-10,S50M17P975,6.6,6.7,5.6,5.8,5.8,276,4246.0
438,2017-04-11,S50M17P975,6.1,6.1,3.8,4.5,4.1,1816,3520.0
439,2017-04-12,S50M17P975,4.5,4.5,3.5,4.0,4.0,569,3608.0
440,2017-04-17,S50M17P975,4.1,5.3,4.0,5.0,4.9,582,3763.0
441,2017-04-18,S50M17P975,5.2,6.7,4.4,6.5,6.4,366,3755.0
442,2017-04-19,S50M17P975,6.7,7.0,6.0,6.7,6.6,380,3840.0
443,2017-04-20,S50M17P975,7.0,7.0,5.6,6.5,6.5,146,3894.0
444,2017-04-21,S50M17P975,5.8,6.1,5.7,5.7,5.7,77,3902.0
445,2017-04-24,S50M17P975,5.5,6.9,5.5,6.5,6.8,264,4061.0
446,2017-04-25,S50M17P975,6.4,8.0,5.9,6.6,6.3,513,4169.0
447,2017-04-26,S50M17P975,6.0,6.7,4.9,4.9,5.1,384,4127.0
448,2017-04-27,S50M17P975,4.8,5.2,4.8,5.2,5.1,178,4095.0
449,2017-04-28,S50M17P975,5.2,5.9,5.0,5.6,5.6,129,4138.0
450,2017-05-02,S50M17P975,5.0,5.7,4.8,5.6,5.6,97,4108.0
451,2017-05-03,S50M17P975,5.1,5.3,4.7,5.1,5.0,383,4098.0
452,2017-05-04,S50M17P975,4.9,4.9,3.8,3.8,3.8,303,4064.0
453,2017-05-05,S50M17P975,4.5,4.5,3.7,4.5,4.5,173,4128.0
454,2017-05-08,S50M17P975,4.0,4.0,3.2,3.7,3.5,280,4203.0
455,2017-05-09,S50M17P975,3.4,4.3,3.1,4.2,3.9,764,4639.0
456,2017-05-11,S50M17P975,3.8,5.2,3.4,4.7,4.5,522,4732.0
457,2017-05-12,S50M17P975,4.5,7.3,4.5,6.7,6.7,969,4914.0
458,2017-05-15,S50M17P975,6.9,7.8,6.1,6.9,6.9,895,5206.0
459,2017-05-16,S50M17P975,7.1,7.1,5.9,6.0,6.0,574,5472.0
460,2017-05-17,S50M17P975,6.1,6.8,5.6,6.8,6.4,443,5711.0
461,2017-05-18,S50M17P975,6.7,7.3,6.2,7.0,7.1,408,5865.0
462,2017-05-19,S50M17P975,6.7,6.9,5.9,6.0,6.0,370,5819.0
463,2017-05-22,S50M17P975,5.7,5.7,4.7,4.8,4.8,527,5966.0
464,2017-05-23,S50M17P975,4.3,4.5,3.7,3.7,3.7,277,6058.0
465,2017-05-24,S50M17P975,3.4,3.9,3.4,3.5,3.5,62,6042.0
466,2017-05-25,S50M17P975,3.4,3.4,2.7,3.0,3.0,540,6256.0
467,2017-05-26,S50M17P975,3.0,3.3,2.8,3.0,3.0,234,6363.0
468,2017-05-29,S50M17P975,2.7,3.1,2.6,2.9,2.9,93,6345.0
469,2017-05-30,S50M17P975,2.4,2.6,2.4,2.5,2.5,93,6372.0
470,2017-05-31,S50M17P975,2.4,4.4,1.9,3.6,3.6,666,6360.0
471,2017-06-01,S50M17P975,2.7,3.4,2.7,3.0,3.0,173,6439.0
472,2017-06-02,S50M17P975,2.6,3.0,2.3,2.3,2.6,197,6466.0
473,2017-06-05,S50M17P975,2.4,2.7,2.0,2.6,2.6,176,6553.0
474,2017-06-06,S50M17P975,2.2,2.6,1.9,2.4,2.3,97,6594.0
475,2017-06-07,S50M17P975,2.0,2.2,1.8,1.8,1.8,233,6604.0
476,2017-06-08,S50M17P975,2.3,2.3,1.5,1.5,1.5,258,6534.0
477,2017-06-09,S50M17P975,1.7,1.9,1.3,1.6,1.4,206,6584.0
478,2017-06-12,S50M17P975,1.6,1.8,1.3,1.7,1.7,219,6669.0
479,2017-06-13,S50M17P975,1.6,1.6,1.0,1.3,1.3,143,6635.0
480,2017-06-14,S50M17P975,1.3,1.3,0.8,1.2,1.2,300,6505.0
481,2017-06-15,S50M17P975,1.0,1.2,0.9,1.2,1.2,225,6459.0
482,2017-06-16,S50M17P975,0.9,1.0,0.6,0.6,0.6,193,6286.0
483,2017-06-19,S50M17P975,0.4,0.5,0.3,0.3,0.3,660,6002.0
484,2017-06-20,S50M17P975,0.2,0.5,0.2,0.4,0.4,225,6154.0
485,2017-06-21,S50M17P975,0.5,0.5,0.3,0.3,0.3,204,6111.0
486,2017-06-22,S50M17P975,0.4,0.4,0.3,0.3,0.3,157,6118.0
487,2017-06-23,S50M17P975,0.3,0.3,0.1,0.2,0.2,71,6132.0
488,2017-06-26,S50M17P975,0.2,0.3,0.1,0.1,0.1,391,5900.0
489,2017-06-27,S50M17P975,0.1,0.2,0.1,0.1,0.1,98,5838.0
490,2017-06-28,S50M17P975,0.1,0.2,0.1,0.1,0.1,226,5712.0
491,2017-06-29,S50M17P975,0.1,0.1,0.1,0.1,995.1,12,5711.0
492,2016-12-29,S50M17P1000,73.2,73.2,64.6,64.6,55.9,30,30.0
493,2016-12-30,S50M17P1000,56.0,61.8,56.0,61.8,61.8,13,35.0
494,2017-01-04,S50M17P1000,55.1,55.1,48.4,49.0,49.0,37,62.0
495,2017-01-05,S50M17P1000,47.5,47.5,47.5,47.5,46.0,10,70.0
496,2017-01-06,S50M17P1000,47.7,47.7,47.7,47.7,42.6,10,80.0
497,2017-01-09,S50M17P1000,49.0,49.0,49.0,49.0,45.2,1,81.0
498,2017-01-10,S50M17P1000,0,0,0,0,41.6,0,81.0
499,2017-01-11,S50M17P1000,43.0,43.0,43.0,43.0,41.7,1,82.0
500,2017-01-12,S50M17P1000,44.0,44.0,44.0,44.0,46.0,2,82.0
501,2017-01-13,S50M17P1000,0,0,0,0,39.4,0,82.0
502,2017-01-16,S50M17P1000,47.7,47.7,47.7,47.7,47.7,2,82.0
503,2017-01-17,S50M17P1000,48.3,48.3,48.3,48.3,48.3,1,82.0
504,2017-01-18,S50M17P1000,0,0,0,0,44.4,0,82.0
505,2017-01-19,S50M17P1000,52.4,54.7,51.8,54.7,46.3,16,96.0
506,2017-01-20,S50M17P1000,0,0,0,0,43.4,0,96.0
507,2017-01-23,S50M17P1000,0,0,0,0,40.3,0,96.0
508,2017-01-24,S50M17P1000,0,0,0,0,35.7,0,96.0
509,2017-01-25,S50M17P1000,0,0,0,0,32.0,0,96.0
510,2017-01-26,S50M17P1000,35.7,36.0,35.7,35.8,28.1,38,112.0
511,2017-01-27,S50M17P1000,36.5,36.5,35.8,36.1,36.1,35,147.0
512,2017-01-30,S50M17P1000,37.2,37.2,36.5,36.5,36.5,4,151.0
513,2017-01-31,S50M17P1000,40.4,40.6,40.4,40.5,42.4,24,171.0
514,2017-02-01,S50M17P1000,0,0,0,0,35.3,0,171.0
515,2017-02-02,S50M17P1000,0,0,0,0,35.9,0,171.0
516,2017-02-03,S50M17P1000,42.0,42.0,37.5,37.5,37.5,40,196.0
517,2017-02-06,S50M17P1000,38.3,38.3,34.9,34.9,34.9,57,226.0
518,2017-02-07,S50M17P1000,36.2,38.0,36.1,38.0,38.0,18,239.0
519,2017-02-08,S50M17P1000,37.4,37.4,37.0,37.0,27.3,2,239.0
520,2017-02-09,S50M17P1000,34.0,38.8,34.0,38.8,38.8,44,264.0
521,2017-02-10,S50M17P1000,36.5,37.8,36.1,37.8,37.8,19,268.0
522,2017-02-14,S50M17P1000,39.5,42.5,39.5,42.5,42.5,3,271.0
523,2017-02-15,S50M17P1000,43.0,44.0,43.0,44.0,42.0,6,277.0
524,2017-02-16,S50M17P1000,39.2,40.0,39.2,40.0,31.9,3,280.0
525,2017-02-17,S50M17P1000,38.0,39.5,35.4,38.6,29.9,23,295.0
526,2017-02-20,S50M17P1000,0,0,0,0,28.6,0,295.0
527,2017-02-21,S50M17P1000,42.8,42.8,42.0,42.0,42.0,8,291.0
528,2017-02-22,S50M17P1000,40.4,40.4,39.5,39.5,39.4,5,288.0
529,2017-02-23,S50M17P1000,39.5,41.6,38.9,41.1,33.7,83,305.0
530,2017-02-24,S50M17P1000,40.1,43.0,40.1,43.0,42.9,16,305.0
531,2017-02-27,S50M17P1000,43.2,44.0,43.0,43.0,43.0,18,301.0
532,2017-02-28,S50M17P1000,42.0,42.0,41.1,41.3,41.3,65,351.0
533,2017-03-01,S50M17P1000,37.4,37.4,34.0,34.0,34.0,20,351.0
534,2017-03-02,S50M17P1000,32.4,34.0,31.7,34.0,34.1,83,406.0
535,2017-03-03,S50M17P1000,34.8,36.0,34.8,34.8,35.6,35,416.0
536,2017-03-06,S50M17P1000,39.8,40.3,37.4,39.0,39.0,84,362.0
537,2017-03-07,S50M17P1000,40.0,40.0,38.5,40.0,40.0,13,364.0
538,2017-03-08,S50M17P1000,39.4,39.4,38.0,38.0,33.1,3,365.0
539,2017-03-09,S50M17P1000,39.0,39.0,39.0,39.0,39.0,12,366.0
540,2017-03-10,S50M17P1000,40.0,40.0,39.8,39.8,39.8,7,361.0
541,2017-03-13,S50M17P1000,40.0,40.6,39.5,40.0,40.0,58,357.0
542,2017-03-14,S50M17P1000,37.0,37.0,35.0,36.0,36.0,56,335.0
543,2017-03-15,S50M17P1000,36.3,36.6,36.3,36.6,36.6,39,363.0
544,2017-03-16,S50M17P1000,32.7,32.7,29.1,29.1,29.1,90,380.0
545,2017-03-17,S50M17P1000,27.7,30.0,26.9,26.9,26.9,31,386.0
546,2017-03-20,S50M17P1000,22.9,26.3,22.9,26.2,26.2,208,520.0
547,2017-03-21,S50M17P1000,26.0,26.0,22.0,22.0,22.4,116,622.0
548,2017-03-22,S50M17P1000,25.8,26.9,23.0,24.0,24.0,38,632.0
549,2017-03-23,S50M17P1000,21.3,24.0,21.3,22.6,23.9,60,681.0
550,2017-03-24,S50M17P1000,23.8,23.8,18.8,18.8,18.8,50,727.0
551,2017-03-27,S50M17P1000,18.8,21.9,18.6,19.0,19.1,92,752.0
552,2017-03-28,S50M17P1000,18.0,18.0,16.0,17.3,17.3,101,810.0
553,2017-03-29,S50M17P1000,17.4,17.4,16.1,16.6,16.7,186,931.0
554,2017-03-30,S50M17P1000,16.0,17.3,14.5,16.5,16.3,249,1089.0
555,2017-03-31,S50M17P1000,16.1,18.1,14.2,17.1,17.2,669,1577.0
556,2017-04-03,S50M17P1000,17.2,17.6,15.0,15.8,16.6,747,2120.0
557,2017-04-04,S50M17P1000,16.0,18.1,15.1,15.8,15.4,628,2481.0
558,2017-04-05,S50M17P1000,15.0,16.0,14.1,15.6,15.1,309,2641.0
559,2017-04-07,S50M17P1000,15.4,16.7,14.4,14.6,14.6,455,2847.0
560,2017-04-10,S50M17P1000,13.3,15.4,13.3,14.0,14.0,464,3006.0
561,2017-04-11,S50M17P1000,14.2,14.5,12.0,12.8,12.6,856,3574.0
562,2017-04-12,S50M17P1000,12.3,12.7,11.0,11.2,11.2,721,4011.0
563,2017-04-17,S50M17P1000,13.9,14.9,11.2,14.3,14.3,428,4037.0
564,2017-04-18,S50M17P1000,13.8,16.3,12.9,15.7,15.6,824,4436.0
565,2017-04-19,S50M17P1000,16.9,17.8,15.8,17.4,17.4,413,4465.0
566,2017-04-20,S50M17P1000,17.5,17.5,15.2,16.6,16.6,277,4490.0
567,2017-04-21,S50M17P1000,16.3,16.6,15.3,16.2,16.1,189,4556.0
568,2017-04-24,S50M17P1000,15.0,17.8,14.6,17.2,17.1,218,4615.0
569,2017-04-25,S50M17P1000,16.2,19.9,16.0,16.9,17.1,364,4590.0
570,2017-04-26,S50M17P1000,18.9,18.9,13.8,14.0,14.0,385,4714.0
571,2017-04-27,S50M17P1000,14.0,15.5,13.4,14.4,14.3,167,4836.0
572,2017-04-28,S50M17P1000,14.4,15.3,13.8,14.5,14.7,84,4884.0
573,2017-05-02,S50M17P1000,14.2,15.9,14.0,15.4,15.4,83,4893.0
574,2017-05-03,S50M17P1000,15.7,15.7,14.0,14.7,14.7,78,4891.0
575,2017-05-04,S50M17P1000,14.5,14.5,12.0,12.2,12.2,628,5221.0
576,2017-05-05,S50M17P1000,13.0,13.7,12.4,12.4,12.4,179,5368.0
577,2017-05-08,S50M17P1000,12.3,12.4,11.2,11.5,11.8,116,5438.0
578,2017-05-09,S50M17P1000,10.9,13.8,10.7,12.6,12.6,360,5576.0
579,2017-05-11,S50M17P1000,13.0,16.3,12.3,15.6,15.6,233,5657.0
580,2017-05-12,S50M17P1000,15.1,22.0,15.1,20.3,20.3,380,5595.0
581,2017-05-15,S50M17P1000,23.0,23.3,20.0,21.6,21.6,254,5490.0
582,2017-05-16,S50M17P1000,22.0,22.0,18.8,19.2,19.2,238,5405.0
583,2017-05-17,S50M17P1000,19.7,20.5,18.8,20.5,20.5,261,5435.0
584,2017-05-18,S50M17P1000,20.6,23.0,20.5,21.9,22.4,265,5342.0
585,2017-05-19,S50M17P1000,20.3,21.0,19.5,20.0,20.1,104,5357.0
586,2017-05-22,S50M17P1000,18.0,18.0,16.7,17.4,17.4,222,5454.0
587,2017-05-23,S50M17P1000,16.1,16.3,14.4,14.4,14.4,133,5529.0
588,2017-05-24,S50M17P1000,14.5,15.0,13.9,14.5,14.5,85,5588.0
589,2017-05-25,S50M17P1000,14.0,14.0,12.7,13.5,13.5,269,5634.0
590,2017-05-26,S50M17P1000,14.0,14.1,12.5,13.0,13.1,261,5671.0
591,2017-05-29,S50M17P1000,12.5,13.4,12.2,12.6,12.6,194,5806.0
592,2017-05-30,S50M17P1000,13.0,13.2,12.2,12.2,12.2,120,5842.0
593,2017-05-31,S50M17P1000,12.0,15.5,10.9,15.5,15.2,537,6023.0
594,2017-06-01,S50M17P1000,15.2,15.9,15.0,15.0,15.0,220,5990.0
595,2017-06-02,S50M17P1000,14.9,14.9,12.9,12.9,13.2,62,6006.0
596,2017-06-05,S50M17P1000,12.0,14.7,10.9,13.2,13.4,189,6130.0
597,2017-06-06,S50M17P1000,13.0,14.5,12.2,12.8,12.9,111,6141.0
598,2017-06-07,S50M17P1000,12.0,13.5,11.9,13.5,13.5,50,6143.0
599,2017-06-08,S50M17P1000,13.2,13.9,11.4,11.4,11.4,231,6076.0
600,2017-06-09,S50M17P1000,11.1,13.5,11.0,12.9,12.8,173,6125.0
601,2017-06-12,S50M17P1000,12.1,15.5,12.1,14.7,14.9,449,6210.0
602,2017-06-13,S50M17P1000,15.4,15.6,11.1,11.7,11.7,356,5928.0
603,2017-06-14,S50M17P1000,10.0,12.0,9.5,10.3,10.2,184,5924.0
604,2017-06-15,S50M17P1000,11.5,11.5,10.0,11.4,10.7,236,5965.0
605,2017-06-16,S50M17P1000,10.0,11.2,8.5,9.7,8.6,171,6089.0
606,2017-06-19,S50M17P1000,6.8,7.5,5.3,6.7,6.1,416,6367.0
607,2017-06-20,S50M17P1000,5.5,6.7,4.6,6.3,6.1,184,6431.0
608,2017-06-21,S50M17P1000,7.0,9.0,6.9,7.8,7.6,334,6426.0
609,2017-06-22,S50M17P1000,7.3,7.3,5.7,7.0,6.8,215,6442.0
610,2017-06-23,S50M17P1000,6.9,6.9,5.0,5.8,5.8,88,6391.0
611,2017-06-26,S50M17P1000,4.8,4.8,3.1,3.7,3.5,213,6389.0
612,2017-06-27,S50M17P1000,3.1,3.5,2.1,3.0,3.2,234,6426.0
613,2017-06-28,S50M17P1000,3.0,3.6,2.7,2.7,2.8,154,6358.0
614,2017-06-29,S50M17P1000,1.5,4.9,0.1,3.9,995.1,631,6076.0
615,2017-01-04,S50M17P1025,72.3,72.3,64.8,64.8,64.6,25,25.0
616,2017-01-05,S50M17P1025,61.7,62.2,58.1,58.3,59.9,24,49.0
617,2017-01-06,S50M17P1025,0,0,0,0,59.8,0,49.0
618,2017-01-09,S50M17P1025,0,0,0,0,63.1,0,49.0
619,2017-01-10,S50M17P1025,0,0,0,0,59.0,0,49.0
620,2017-01-11,S50M17P1025,0,0,0,0,59.4,0,49.0
621,2017-01-12,S50M17P1025,0,0,0,0,60.7,0,49.0
622,2017-01-13,S50M17P1025,0,0,0,0,57.2,0,49.0
623,2017-01-16,S50M17P1025,0,0,0,0,59.1,0,49.0
624,2017-01-17,S50M17P1025,0,0,0,0,60.9,0,49.0
625,2017-01-18,S50M17P1025,0,0,0,0,64.0,0,49.0
626,2017-01-19,S50M17P1025,73.3,73.3,73.3,73.3,66.4,12,57.0
627,2017-01-20,S50M17P1025,0,0,0,0,63.1,0,57.0
628,2017-01-23,S50M17P1025,0,0,0,0,59.8,0,57.0
629,2017-01-24,S50M17P1025,0,0,0,0,53.9,0,57.0
630,2017-01-25,S50M17P1025,56.3,56.3,55.1,55.5,49.2,13,62.0
631,2017-01-26,S50M17P1025,0,0,0,0,44.0,0,62.0
632,2017-01-27,S50M17P1025,0,0,0,0,45.0,0,62.0
633,2017-01-30,S50M17P1025,51.4,51.4,51.4,51.4,51.4,1,63.0
634,2017-01-31,S50M17P1025,57.6,57.6,57.6,57.6,57.6,12,75.0
635,2017-02-01,S50M17P1025,0,0,0,0,53.4,0,75.0
636,2017-02-02,S50M17P1025,0,0,0,0,54.4,0,75.0
637,2017-02-03,S50M17P1025,0,0,0,0,48.6,0,75.0
638,2017-02-06,S50M17P1025,0,0,0,0,44.3,0,75.0
639,2017-02-07,S50M17P1025,0,0,0,0,47.6,0,75.0
640,2017-02-08,S50M17P1025,0,0,0,0,43.6,0,75.0
641,2017-02-09,S50M17P1025,0,0,0,0,47.8,0,75.0
642,2017-02-10,S50M17P1025,52.3,52.3,52.3,52.3,45.7,2,77.0
643,2017-02-14,S50M17P1025,0,0,0,0,54.9,0,77.0
644,2017-02-15,S50M17P1025,0,0,0,0,52.2,0,77.0
645,2017-02-16,S50M17P1025,61.2,61.2,59.7,59.7,49.7,2,77.0
646,2017-02-17,S50M17P1025,0,0,0,0,47.6,0,77.0
647,2017-02-20,S50M17P1025,52.0,52.0,52.0,52.0,52.0,2,76.0
648,2017-02-21,S50M17P1025,0,0,0,0,53.9,0,76.0
649,2017-02-22,S50M17P1025,0,0,0,0,49.3,0,76.0
650,2017-02-23,S50M17P1025,0,0,0,0,52.4,0,76.0
651,2017-02-24,S50M17P1025,56.6,56.6,56.6,56.6,52.8,1,77.0
652,2017-02-27,S50M17P1025,61.8,61.8,61.8,61.8,61.8,1,78.0
653,2017-02-28,S50M17P1025,59.3,63.9,59.3,63.7,63.3,3,79.0
654,2017-03-01,S50M17P1025,56.2,56.2,52.5,52.5,49.2,30,109.0
655,2017-03-02,S50M17P1025,52.6,55.5,48.9,53.0,53.0,126,140.0
656,2017-03-03,S50M17P1025,53.0,55.0,52.3,55.0,50.3,55,169.0
657,2017-03-06,S50M17P1025,55.0,60.0,55.0,59.0,59.0,59,216.0
658,2017-03-07,S50M17P1025,57.0,61.0,55.8,61.0,61.0,10,223.0
659,2017-03-08,S50M17P1025,61.0,63.0,53.7,53.7,54.0,36,240.0
660,2017-03-09,S50M17P1025,55.2,59.7,55.2,56.2,56.2,35,270.0
661,2017-03-10,S50M17P1025,57.5,62.0,57.5,62.0,62.0,15,281.0
662,2017-03-13,S50M17P1025,62.0,63.1,62.0,63.1,63.1,2,280.0
663,2017-03-14,S50M17P1025,57.5,58.1,57.0,58.1,58.1,12,276.0
664,2017-03-15,S50M17P1025,0,0,0,0,55.1,0,276.0
665,2017-03-16,S50M17P1025,55.2,55.4,49.1,49.1,49.1,101,285.0
666,2017-03-17,S50M17P1025,52.0,52.0,50.9,50.9,50.3,6,285.0
667,2017-03-20,S50M17P1025,45.2,47.0,42.2,46.0,46.0,71,320.0
668,2017-03-21,S50M17P1025,44.8,47.0,40.7,40.7,40.7,43,334.0
669,2017-03-22,S50M17P1025,45.2,45.2,44.9,45.0,45.0,10,340.0
670,2017-03-23,S50M17P1025,42.0,43.5,41.6,42.2,42.2,11,350.0
671,2017-03-24,S50M17P1025,43.5,43.5,38.4,38.4,38.4,10,345.0
672,2017-03-27,S50M17P1025,38.1,39.0,38.1,38.7,38.7,44,389.0
673,2017-03-28,S50M17P1025,36.0,36.0,33.9,35.0,35.0,56,433.0
674,2017-03-29,S50M17P1025,34.1,38.3,34.1,35.0,35.0,68,464.0
675,2017-03-30,S50M17P1025,34.2,35.0,31.3,31.5,33.0,61,511.0
676,2017-03-31,S50M17P1025,31.9,37.7,31.5,37.3,37.3,188,612.0
677,2017-04-03,S50M17P1025,38.0,38.2,33.8,35.5,35.5,80,625.0
678,2017-04-04,S50M17P1025,34.3,36.0,34.0,34.0,34.0,31,641.0
679,2017-04-05,S50M17P1025,33.4,34.1,32.8,33.1,33.2,61,652.0
680,2017-04-07,S50M17P1025,34.4,34.4,32.3,32.3,32.3,21,652.0
681,2017-04-10,S50M17P1025,33.0,33.0,30.9,30.9,31.6,3,655.0
682,2017-04-11,S50M17P1025,31.4,31.4,28.6,30.8,30.4,89,658.0
683,2017-04-12,S50M17P1025,29.4,29.4,26.3,26.3,27.2,85,696.0
684,2017-04-17,S50M17P1025,28.5,32.5,28.5,32.5,32.5,127,812.0
685,2017-04-18,S50M17P1025,30.5,33.9,30.2,33.9,33.9,89,856.0
686,2017-04-19,S50M17P1025,37.9,37.9,34.2,36.0,36.0,37,866.0
687,2017-04-20,S50M17P1025,36.2,36.2,34.3,36.0,36.3,14,865.0
688,2017-04-21,S50M17P1025,33.5,33.9,33.5,33.9,33.9,58,808.0
689,2017-04-24,S50M17P1025,32.8,36.2,32.8,36.2,36.2,11,812.0
690,2017-04-25,S50M17P1025,35.0,39.0,35.0,37.2,36.0,80,777.0
691,2017-04-26,S50M17P1025,38.9,38.9,31.5,31.5,31.5,56,787.0
692,2017-04-27,S50M17P1025,31.1,32.0,31.1,31.4,31.5,111,878.0
693,2017-04-28,S50M17P1025,32.0,33.3,32.0,32.8,32.8,104,960.0
694,2017-05-02,S50M17P1025,33.1,34.3,32.2,34.3,34.3,8,964.0
695,2017-05-03,S50M17P1025,33.8,33.8,32.8,33.1,33.1,27,952.0
696,2017-05-04,S50M17P1025,32.5,32.5,29.9,30.0,30.0,54,950.0
697,2017-05-05,S50M17P1025,30.6,31.8,30.0,30.2,30.2,73,1016.0
698,2017-05-08,S50M17P1025,30.0,30.0,28.4,29.1,29.7,27,1036.0
699,2017-05-09,S50M17P1025,28.6,32.0,28.5,31.7,31.7,178,1191.0
700,2017-05-11,S50M17P1025,32.0,35.9,31.2,35.7,35.7,75,1195.0
701,2017-05-12,S50M17P1025,36.0,43.5,36.0,42.0,42.0,294,1194.0
702,2017-05-15,S50M17P1025,43.9,45.5,43.7,44.7,44.7,61,1134.0
703,2017-05-16,S50M17P1025,41.4,44.1,41.4,43.0,42.1,29,1108.0
704,2017-05-17,S50M17P1025,42.0,42.0,42.0,42.0,42.3,20,1111.0
705,2017-05-18,S50M17P1025,44.0,45.8,43.7,43.7,43.7,18,1103.0
706,2017-05-19,S50M17P1025,42.9,42.9,41.1,42.8,42.8,11,1103.0
707,2017-05-22,S50M17P1025,42.6,42.6,38.9,38.9,38.9,3,1105.0
708,2017-05-23,S50M17P1025,36.5,36.5,35.9,35.9,35.9,8,1099.0
709,2017-05-24,S50M17P1025,0,0,0,0,35.2,0,1099.0
710,2017-05-25,S50M17P1025,33.8,33.9,32.2,33.9,33.9,71,1163.0
711,2017-05-26,S50M17P1025,34.0,35.3,32.7,33.9,33.9,45,1183.0
712,2017-05-29,S50M17P1025,33.6,33.6,33.6,33.6,33.6,3,1186.0
713,2017-05-30,S50M17P1025,32.9,33.0,32.5,32.5,32.5,27,1206.0
714,2017-05-31,S50M17P1025,32.0,38.0,31.5,38.0,38.0,156,1261.0
715,2017-06-01,S50M17P1025,37.1,37.8,37.1,37.8,37.8,5,1257.0
716,2017-06-02,S50M17P1025,0,0,0,0,36.0,0,1257.0
717,2017-06-05,S50M17P1025,32.5,36.9,32.5,36.5,36.5,22,1254.0
718,2017-06-06,S50M17P1025,37.9,37.9,37.9,37.9,37.9,2,1254.0
719,2017-06-07,S50M17P1025,0,0,0,0,38.1,0,1254.0
720,2017-06-08,S50M17P1025,34.2,34.8,34.2,34.8,34.8,21,1275.0
721,2017-06-09,S50M17P1025,35.3,37.2,35.3,36.6,36.6,55,1308.0
722,2017-06-12,S50M17P1025,36.8,39.0,36.8,38.9,38.9,84,1308.0
723,2017-06-13,S50M17P1025,37.9,38.8,35.2,35.2,35.2,37,1302.0
724,2017-06-14,S50M17P1025,33.0,33.0,33.0,33.0,33.0,15,1287.0
725,2017-06-15,S50M17P1025,34.4,34.5,33.5,34.2,34.2,73,1226.0
726,2017-06-16,S50M17P1025,0,0,0,0,33.5,0,1226.0
727,2017-06-19,S50M17P1025,29.5,29.5,29.0,29.4,29.4,23,1203.0
728,2017-06-20,S50M17P1025,0,0,0,0,30.9,0,1203.0
729,2017-06-21,S50M17P1025,32.0,32.0,30.5,30.5,31.0,17,1202.0
730,2017-06-22,S50M17P1025,29.6,29.7,29.1,29.1,30.4,260,1202.0
731,2017-06-23,S50M17P1025,28.8,28.8,28.1,28.1,28.1,70,1255.0
732,2017-06-26,S50M17P1025,27.6,27.6,26.2,26.2,25.5,79,1187.0
733,2017-06-27,S50M17P1025,26.3,26.3,25.5,26.2,26.2,4,1186.0
734,2017-06-28,S50M17P1025,26.6,27.2,26.4,26.4,26.5,132,1152.0
735,2017-06-29,S50M17P1025,24.4,24.4,22.9,22.9,995.1,119,1047.0
736,2017-01-26,S50M17P1050,64.2,64.2,64.2,64.2,63.3,5,5.0
737,2017-01-27,S50M17P1050,0,0,0,0,64.7,0,5.0
738,2017-01-30,S50M17P1050,68.4,68.4,68.4,68.4,65.2,1,6.0
739,2017-01-31,S50M17P1050,0,0,0,0,75.2,0,6.0
740,2017-02-01,S50M17P1050,0,0,0,0,74.4,0,6.0
741,2017-02-02,S50M17P1050,0,0,0,0,75.8,0,6.0
742,2017-02-03,S50M17P1050,0,0,0,0,68.9,0,6.0
743,2017-02-06,S50M17P1050,0,0,0,0,64.0,0,6.0
744,2017-02-07,S50M17P1050,0,0,0,0,68.0,0,6.0
745,2017-02-08,S50M17P1050,0,0,0,0,63.4,0,6.0
746,2017-02-09,S50M17P1050,0,0,0,0,68.3,0,6.0
747,2017-02-10,S50M17P1050,0,0,0,0,66.2,0,6.0
748,2017-02-14,S50M17P1050,70.9,77.7,70.9,77.7,77.7,2,8.0
749,2017-02-15,S50M17P1050,0,0,0,0,73.3,0,8.0
750,2017-02-16,S50M17P1050,0,0,0,0,70.7,0,8.0
751,2017-02-17,S50M17P1050,0,0,0,0,68.6,0,8.0
752,2017-02-20,S50M17P1050,77.7,77.7,74.0,74.0,74.0,7,9.0
753,2017-02-21,S50M17P1050,75.5,79.5,75.3,79.5,79.5,6,12.0
754,2017-02-22,S50M17P1050,76.1,76.1,76.1,76.1,76.1,1,13.0
755,2017-02-23,S50M17P1050,77.3,77.3,77.1,77.1,74.1,2,14.0
756,2017-02-24,S50M17P1050,77.1,83.0,77.1,83.0,83.0,3,15.0
757,2017-02-27,S50M17P1050,0,0,0,0,79.8,0,15.0
758,2017-02-28,S50M17P1050,80.0,80.0,80.0,80.0,80.0,3,15.0
759,2017-03-01,S50M17P1050,77.5,77.5,77.5,77.5,70.9,1,14.0
760,2017-03-02,S50M17P1050,70.9,74.0,68.5,74.0,74.0,83,73.0
761,2017-03-03,S50M17P1050,74.1,78.0,73.1,78.0,78.0,39,112.0
762,2017-03-06,S50M17P1050,78.9,82.1,78.9,81.0,81.0,27,137.0
763,2017-03-07,S50M17P1050,81.2,83.4,81.2,82.5,82.5,10,147.0
764,2017-03-08,S50M17P1050,0,0,0,0,75.5,0,147.0
765,2017-03-09,S50M17P1050,82.0,82.6,82.0,82.6,81.7,11,158.0
766,2017-03-10,S50M17P1050,84.7,86.0,84.7,84.9,82.1,10,166.0
767,2017-03-13,S50M17P1050,84.0,84.0,84.0,84.0,79.5,4,170.0
768,2017-03-14,S50M17P1050,0,0,0,0,77.5,0,170.0
769,2017-03-15,S50M17P1050,0,0,0,0,78.8,0,170.0
770,2017-03-16,S50M17P1050,77.3,77.3,77.3,77.3,77.3,10,160.0
771,2017-03-17,S50M17P1050,73.0,73.8,73.0,73.8,73.8,12,150.0
772,2017-03-20,S50M17P1050,64.0,70.0,64.0,70.0,70.0,53,199.0
773,2017-03-21,S50M17P1050,69.5,69.5,66.0,66.0,66.0,7,206.0
774,2017-03-22,S50M17P1050,70.0,70.3,68.3,68.3,68.3,69,273.0
775,2017-03-23,S50M17P1050,67.0,67.0,63.7,66.9,66.9,21,264.0
776,2017-03-24,S50M17P1050,66.8,66.8,66.8,66.8,63.0,1,265.0
777,2017-03-27,S50M17P1050,62.5,62.5,62.5,62.5,62.5,70,244.0
778,2017-03-28,S50M17P1050,58.7,59.0,58.7,59.0,55.1,6,249.0
779,2017-03-29,S50M17P1050,57.9,58.0,57.8,58.0,58.0,9,256.0
780,2017-03-30,S50M17P1050,55.7,55.7,54.0,54.0,54.5,6,256.0
781,2017-03-31,S50M17P1050,56.0,61.0,56.0,61.0,61.0,187,325.0
782,2017-04-03,S50M17P1050,60.4,60.4,57.0,57.0,57.0,9,324.0
783,2017-04-04,S50M17P1050,56.9,59.7,54.4,56.4,56.4,25,313.0
784,2017-04-05,S50M17P1050,55.0,55.0,55.0,55.0,55.0,15,303.0
785,2017-04-07,S50M17P1050,57.0,57.0,57.0,57.0,56.0,3,305.0
786,2017-04-10,S50M17P1050,55.5,55.5,52.3,54.0,54.0,24,309.0
787,2017-04-11,S50M17P1050,53.6,53.6,50.2,50.2,50.8,15,309.0
788,2017-04-12,S50M17P1050,50.1,50.1,47.2,47.2,45.3,38,304.0
789,2017-04-17,S50M17P1050,49.0,55.0,49.0,55.0,55.0,148,431.0
790,2017-04-18,S50M17P1050,52.0,57.1,52.0,57.1,57.1,8,435.0
791,2017-04-19,S50M17P1050,57.9,60.1,56.3,58.1,58.1,24,453.0
792,2017-04-20,S50M17P1050,59.0,59.0,56.2,57.2,57.2,28,471.0
793,2017-04-21,S50M17P1050,55.6,57.7,55.6,57.7,57.7,7,466.0
794,2017-04-24,S50M17P1050,57.7,59.0,56.5,58.5,58.5,80,521.0
795,2017-04-25,S50M17P1050,58.6,62.0,58.6,60.5,59.7,16,535.0
796,2017-04-26,S50M17P1050,56.6,56.6,56.4,56.4,56.2,15,530.0
797,2017-04-27,S50M17P1050,54.5,54.5,54.5,54.5,54.5,5,535.0
798,2017-04-28,S50M17P1050,55.0,55.5,55.0,55.5,55.5,30,550.0
799,2017-05-02,S50M17P1050,0,0,0,0,59.9,0,550.0
800,2017-05-03,S50M17P1050,55.9,55.9,55.9,55.9,56.9,2,548.0
801,2017-05-04,S50M17P1050,0,0,0,0,53.7,0,548.0
802,2017-05-05,S50M17P1050,0,0,0,0,55.3,0,548.0
803,2017-05-08,S50M17P1050,52.0,52.5,51.7,52.5,52.5,25,570.0
804,2017-05-09,S50M17P1050,52.0,55.5,51.9,55.5,55.5,128,666.0
805,2017-05-11,S50M17P1050,0,0,0,0,62.9,0,666.0
806,2017-05-12,S50M17P1050,61.2,67.0,61.2,66.1,66.1,160,664.0
807,2017-05-15,S50M17P1050,67.9,69.3,67.8,67.8,67.8,50,620.0
808,2017-05-16,S50M17P1050,64.7,64.7,64.7,64.7,64.7,4,620.0
809,2017-05-17,S50M17P1050,0,0,0,0,68.0,0,620.0
810,2017-05-18,S50M17P1050,68.4,68.8,68.0,68.0,68.0,13,622.0
811,2017-05-19,S50M17P1050,0,0,0,0,69.6,0,622.0
812,2017-05-22,S50M17P1050,0,0,0,0,64.4,0,622.0
813,2017-05-23,S50M17P1050,59.5,59.5,59.5,59.5,59.5,3,621.0
814,2017-05-24,S50M17P1050,59.0,59.0,58.4,58.4,58.4,17,619.0
815,2017-05-25,S50M17P1050,57.0,57.5,56.8,57.2,57.2,10,617.0
816,2017-05-26,S50M17P1050,57.5,59.0,57.5,59.0,58.6,27,629.0
817,2017-05-29,S50M17P1050,57.6,58.3,57.5,57.6,57.6,51,679.0
818,2017-05-30,S50M17P1050,0,0,0,0,59.9,0,679.0
819,2017-05-31,S50M17P1050,55.9,61.5,55.9,61.3,61.3,91,758.0
820,2017-06-01,S50M17P1050,61.6,62.0,61.6,62.0,62.0,3,759.0
821,2017-06-02,S50M17P1050,60.0,60.3,60.0,60.0,60.0,141,769.0
822,2017-06-05,S50M17P1050,58.1,62.3,57.7,62.3,62.0,29,779.0
823,2017-06-06,S50M17P1050,61.5,61.6,61.4,61.6,61.6,30,809.0
824,2017-06-07,S50M17P1050,59.5,60.0,59.2,60.0,60.0,19,794.0
825,2017-06-08,S50M17P1050,60.9,60.9,59.0,59.0,59.0,50,774.0
826,2017-06-09,S50M17P1050,0,0,0,0,63.4,0,774.0
827,2017-06-12,S50M17P1050,63.1,64.1,62.7,64.1,64.1,35,796.0
828,2017-06-13,S50M17P1050,0,0,0,0,59.5,0,796.0
829,2017-06-14,S50M17P1050,59.0,59.0,58.0,58.0,58.0,25,821.0
830,2017-06-15,S50M17P1050,58.7,58.7,58.7,58.7,58.7,5,821.0
831,2017-06-16,S50M17P1050,58.0,58.0,56.9,56.9,56.9,25,846.0
832,2017-06-19,S50M17P1050,53.8,53.8,53.8,53.8,53.8,1,845.0
833,2017-06-20,S50M17P1050,52.6,53.5,52.6,53.5,53.5,8,845.0
834,2017-06-21,S50M17P1050,55.5,57.4,55.5,55.5,55.5,52,826.0
835,2017-06-22,S50M17P1050,54.6,54.6,54.6,54.6,54.6,15,841.0
836,2017-06-23,S50M17P1050,53.2,53.2,53.2,53.2,53.2,15,856.0
837,2017-06-26,S50M17P1050,52.1,52.1,51.2,51.5,51.5,42,814.0
838,2017-06-27,S50M17P1050,50.8,51.3,50.8,51.3,51.3,2,812.0
839,2017-06-28,S50M17P1050,0,0,0,0,52.7,0,812.0
840,2017-06-29,S50M17P1050,49.9,49.9,48.0,48.0,995.1,22,812.0
